"id_registro";"arquivo_fonte";"pagina";"localizacao";"tipo_elemento";"conteudo_original";"acao";"criterio_aplicado";"justificativa";"confianca";"revisao_humana";"decisao_pesquisador";"comentario_pesquisador"
"R001";"OECD-LEGAL-0449-en.pdf";"1–12";"documento inteiro";"Outro (proveniência do arquivo-fonte)";"OECD-LEGAL-0449-en.pdf (12 páginas), fornecido pelo pesquisador como anexo da conversa em 2026-10-01; o arquivo não está salvo na pasta Declarações IA.";"Mantido com ressalva";"4.1 (passo 2) – verificação dos insumos; 5.6 – transparência sobre limitações";"A skill exige que o arquivo-fonte esteja na pasta. O PDF não estava na pasta nem em outro local do disco, e o pesquisador decidiu expressamente seguir com o anexo da conversa. A extração e a conferência de literalidade foram feitas contra a camada de texto e as imagens das páginas do anexo, sem verificação automática independente contra o arquivo em disco. Para a extração ser reproduzível, recomenda-se salvar o PDF na pasta com este nome; a conferência automática pode então ser refeita.";"Alta";"Sim";"";""
"R002";"OECD-LEGAL-0449-en.pdf";"1";"capa (p. 1)";"Capa";"""OECD Legal Instruments"" (nome da série) | logotipo da OCDE com a legenda ""BETTER POLICIES FOR BETTER LIVES"" (imagem) | imagem ilustrativa sem texto | ""8"" (caractere presente só na camada de texto)";"Removido";"3.3.1 – capas, logotipos e textos de identidade visual";"Elementos de capa e de identidade visual, que não fazem parte do texto declaratório. O título da capa foi registrado à parte (registro seguinte). O caractere ""8"" consta apenas na camada de texto, sem correspondência visível na página, e foi tratado como artefato do arquivo.";"Alta";"Não";"";""
"R003";"OECD-LEGAL-0449-en.pdf";"1";"capa (p. 1)";"Outro (título oficial)";"Recommendation of the Council on Artificial Intelligence";"Realocado para metadados";"3.2 – título oficial registrado nos metadados";"Título oficial da declaração, confirmado pela instrução de citação da p. 2 (""OECD, Recommendation of the Council on Artificial Intelligence, OECD/LEGAL/0449""). Registrado em document.title e não repetido no texto das seções. Na capa, o título ocupa duas linhas, que foram unidas.";"Alta";"Não";"";""
"R004";"OECD-LEGAL-0449-en.pdf";"2";"verso da capa (p. 2), 1º parágrafo";"Descrição do documento";"This document is published under the responsibility of the Secretary-General of the OECD. It reproduces an OECD Legal Instrument and may contain additional material. The opinions expressed and arguments employed in the additional material do not necessarily reflect the official views of OECD Member countries.";"Removido";"3.3.1 – informações prévias e descrições sobre o documento";"Nota editorial sobre a publicação. O próprio aviso informa que o arquivo reproduz o instrumento jurídico e pode conter material adicional que não reflete necessariamente a posição oficial dos membros da OCDE. O material adicional das pp. 3–6 foi incluído no texto por decisão do pesquisador (ver o registro de inclusão), com category = ""Background""; o da p. 12 foi retirado.";"Alta";"Não";"";""
"R005";"OECD-LEGAL-0449-en.pdf";"2";"verso da capa (p. 2), 2º parágrafo";"Descrição do documento";"This document, as well as any data and any map included herein, are without prejudice to the status of or sovereignty over any territory, to the delimitation of international frontiers and boundaries and to the name of any territory, city or area.";"Removido";"3.3.1 – informações prévias e descrições sobre o documento";"Cláusula editorial padrão da OCDE sobre territórios e fronteiras, alheia ao texto da Recomendação.";"Alta";"Não";"";""
"R006";"OECD-LEGAL-0449-en.pdf";"2";"verso da capa (p. 2), 3º parágrafo";"Descrição do documento";"For access to the official and up-to-date texts of OECD Legal Instruments, as well as other related information, please consult the Compendium of OECD Legal Instruments at http://legalinstruments.oecd.org.";"Removido";"3.3.1 – informações prévias e descrições sobre o documento; 3.3.3 – links e URLs";"Orientação de acesso ao compêndio de instrumentos jurídicos, com endereço eletrônico. Na camada de texto há um hífen condicional (caractere invisível U+00AD) entre ""up"" e ""to""; a transcrição usa o hífen exibido na página (""up-to-date"").";"Alta";"Não";"";""
"R007";"OECD-LEGAL-0449-en.pdf";"2";"verso da capa (p. 2), instrução de citação";"Descrição do documento";"Please cite this document as: OECD, Recommendation of the Council on Artificial Intelligence, OECD/LEGAL/0449";"Removido";"3.3.1 – informações prévias e descrições sobre o documento";"Instrução de citação. Usada apenas para confirmar o título oficial e o código do documento (ver o registro do título).";"Alta";"Não";"";""
"R008";"OECD-LEGAL-0449-en.pdf";"2";"verso da capa (p. 2)";"Descrição do documento";"Series: OECD Legal Instruments";"Removido";"3.3.1 – informações prévias e descrições sobre o documento";"Crédito de edição: série editorial.";"Alta";"Não";"";""
"R009";"OECD-LEGAL-0449-en.pdf";"2";"verso da capa (p. 2)";"Descrição do documento";"Photo credit: © kras99/Shutterstock.com";"Removido";"3.3.1 – informações prévias e descrições sobre o documento";"Crédito da imagem da capa.";"Alta";"Não";"";""
"R010";"OECD-LEGAL-0449-en.pdf";"2";"verso da capa (p. 2)";"Descrição do documento";"© OECD 2026";"Removido";"3.3.1 – informações prévias e descrições sobre o documento";"Aviso de direitos autorais. O ano (2026) é o da edição do arquivo e não se confunde com as datas de adoção e de revisão da Recomendação registradas nos metadados.";"Alta";"Não";"";""
"R011";"OECD-LEGAL-0449-en.pdf";"2";"verso da capa (p. 2), nota de rodapé da página";"Descrição do documento";"This document is provided free of charge. It may be reproduced and distributed free of charge without requiring any further permissions, as long as it is not altered in any way. It may not be sold.";"Removido";"3.3.1 – informações prévias e descrições sobre o documento";"Condições de reprodução do arquivo.";"Alta";"Não";"";""
"R012";"OECD-LEGAL-0449-en.pdf";"2";"verso da capa (p. 2), nota de rodapé da página";"Descrição do documento";"This document is available in the two OECD official languages (English and French). It may be translated into other languages, as long as the translation is labelled ""unofficial translation"" and includes the following disclaimer: ""This translation has been prepared by [NAME OF TRANSLATION AUTHOR] for informational purpose only and its accuracy cannot be guaranteed by the OECD. The only official versions are the English and French texts available on the OECD website http://legalinstruments.oecd.org""";"Removido";"3.3.1 – informações prévias e descrições sobre o documento; 3.3.3 – links e URLs";"Condições de tradução, com endereço eletrônico. Informa que há versões oficiais em inglês e em francês; a extração usa a versão em inglês, a única fornecida pelo pesquisador.";"Alta";"Não";"";""
"R013";"OECD-LEGAL-0449-en.pdf";"3–6";"pp. 3–6, entre o verso da capa e o início do texto adotado pelo Conselho (unidades 1 a 37)";"Outro (inclusão de material explicativo)";"Seções ""Background Information"" e ""Implementation"" (pp. 3–6): 37 unidades (ids 1 a 37) e 8 títulos internos, com category = ""Background""";"Mantido com ressalva";"Decisão expressa do pesquisador (2026-10-01), que prevalece sobre 3.3.1; 3.5 – registro de ressalvas";"Por decisão do pesquisador, o material explicativo das pp. 3–6 passa a integrar o texto da declaração. A versão anterior desta extração (OCDE_extracao.json) o havia retirado como pré-textual (skill 01, 3.3.1). As unidades receberam category = ""Background"", valor fora da lista da skill (Preamble, Body, Annex), para continuarem distinguíveis do texto adotado pelo Conselho (pp. 7–11). Segundo o aviso da p. 2, esse material é publicado sob a responsabilidade do Secretário-Geral da OCDE e pode não refletir a posição oficial dos membros. Atenção para as etapas seguintes: parte dele retoma a própria Recomendação. O 1º e o 2º parágrafos de ""The OECD’s work on Artificial Intelligence"" (unidades 3 e 4) parafraseiam os parágrafos do preâmbulo das unidades 44 e 45, e os itens 1 e 2 de ""Scope of the Recommendation"" (unidades 11 e 12) repetem os títulos das seções, dos princípios e das recomendações. Com isso, parte do vocabulário passa a ser contada mais de uma vez.";"Alta";"Sim";"";""
"R014";"OECD-LEGAL-0449-en.pdf";"3–10";"títulos internos (pp. 3–10)";"Outro (títulos internos)";"Background Information | The OECD’s work on Artificial Intelligence | An inclusive and participatory process for developing the Recommendation | Scope of the Recommendation | 2023 and 2024 Revisions of the Recommendation | Implementation | 2024 Report to Council | Further work to support the implementation of the Recommendation | Section 1: Principles for responsible stewardship of trustworthy AI | 1.1. Inclusive growth, sustainable development and well-being | 1.2. Respect for the rule of law, human rights and democratic values, including fairness and privacy | 1.3. Transparency and explainability | 1.4. Robustness, security and safety | 1.5. Accountability | Section 2: National policies and international co-operation for trustworthy AI | 2.1. Investing in AI research and development | 2.2. Fostering an inclusive AI-enabling ecosystem | 2.3. Shaping an enabling interoperable governance and policy environment for AI | 2.4. Building human capacity and preparing for labour market transformation | 2.5. International co-operation for trustworthy AI";"Realocado para metadados";"3.2 – títulos e subtítulos internos registrados no campo subtitle";"Os 20 títulos internos (8 do material explicativo das pp. 3–6 e 12 da Recomendação) foram registrados no campo subtitle das unidades que encabeçam, e não no campo text. Cada unidade recebe o título mais próximo; os títulos das seções 1 e 2 da Recomendação aparecem como subtitle das unidades 57 a 59 e 74. Do início do texto adotado pelo Conselho (""THE COUNCIL,"", unidade 38) até as definições do item I., não há título, e o subtitle é null; o mesmo vale para os parágrafos VI, VII e VIII e as alíneas de VIII, que a numeração romana coloca no mesmo nível de I a V, fora das seções 1 e 2. As skills 02 e 03 analisam apenas o campo text, de modo que os títulos não entram nas contagens.";"Alta";"Não";"";""
"R015";"OECD-LEGAL-0449-en.pdf";"3";"An inclusive and participatory process…, 1º parágrafo (unidade 7)";"Link/URL";"http://www.oecd.org/going-digital/ai/oecd-aigo-membership-list.pdf";"Mantido com ressalva";"3.3.3 – links e URLs (se a retirada deixar a frase sem sentido, manter e sinalizar)";"Endereço eletrônico no meio da frase ""… academia) - see http://… for the full list."". Retirar só o endereço deixaria ""see for the full list"", sem sentido; por isso foi mantido, como manda a skill. Efeito nas etapas seguintes (pipeline das skills 02 e 03): o endereço forma um único token, que não é contado como palavra.";"Média";"Sim";"";""
"R016";"OECD-LEGAL-0449-en.pdf";"3";"final da camada de texto da p. 3, antes do cabeçalho";"Outro (texto duplicado na camada de texto)";"Scope of the Recommendation";"Removido";"3.1 – vedação à inflação de dados (duplicação)";"Título da p. 4 repetido ao final da camada de texto da p. 3, sem aparecer na imagem da página. O título aparece uma única vez no JSON, no campo subtitle das unidades da p. 4; mantê-lo também duplicaria o texto.";"Alta";"Não";"";""
"R017";"OECD-LEGAL-0449-en.pdf";"3";"p. 3, parágrafos, itens e títulos mantidos";"Quebra de linha";"38 quebras de linha internas unidas. Exemplos: ""– the first ⏎ intergovernmental standard on"" → ""– the first intergovernmental standard on""; ""update its definition ⏎ of an “AI"" → ""update its definition of an “AI""";"Normalizado";"3.4 (itens 2 e 3) – remoção de quebras de linha internas e redução de espaços";"As quebras de linha e os espaços nas pontas das linhas decorrem da diagramação do PDF. Cada quebra interna a um parágrafo, item ou título virou um único espaço, e os espaços no fim dos parágrafos foram removidos. Nenhum caractere visível foi alterado por esta normalização. O mesmo tratamento foi aplicado às transcrições dos elementos retirados neste relatório.";"Alta";"Não";"";""
"R018";"OECD-LEGAL-0449-en.pdf";"3";"cabeçalho da p. 3";"Cabeçalho/rodapé de página";"OECD/LEGAL/0449 3";"Removido";"3.3.3 – artefatos de diagramação (cabeçalhos e numeração de página)";"Cabeçalho repetido nas páginas internas, com o código do documento e o número da página. Na camada de texto ele aparece ao final da página, seguido da linha horizontal convertida em sublinhados (___), que também foi descartada.";"Alta";"Não";"";""
"R019";"OECD-LEGAL-0449-en.pdf";"4–11";"início dos parágrafos e itens numerados (unidades listadas)";"Outro (numeração de parágrafos e itens)";"1. (id 11); 2. (id 12); I. (id 51); II. (id 57); III. (id 58); IV. (id 59); a) (id 61); b) (id 62); i. (id 64); ii. (id 65); iii. (id 66); iv. (id 67); a) (id 68); b) (id 69); c) (id 70); a) (id 71); b) (id 72); c) (id 73); V. (id 74); a) (id 75); b) (id 76); a) (id 78); b) (id 79); a) (id 80); b) (id 81); c) (id 82); a) (id 83); b) (id 84); c) (id 85); d) (id 86); VI. (id 87); VII. (id 88); VIII. (id 89); a) (id 90); b) (id 91); c) (id 92); d) (id 93)";"Realocado para metadados";"4.3 – campo number (numeração exatamente como no original)";"A numeração de 37 parágrafos e itens (os itens 1. e 2. de ""Scope of the Recommendation"" e os parágrafos e alíneas da Recomendação) foi transferida do início do texto para o campo number da unidade, exatamente como no original e sem renumerar. Assim, o campo text guarda só o conteúdo, e algarismos e letras de alínea não entram nas contagens das etapas seguintes. Os números dos títulos (1.1., 2.3. etc.) ficam no campo subtitle (ver o registro dos títulos internos). Enumerações dentro de frases, como ""i) inclusive growth…"", ficam no texto.";"Alta";"Não";"";""
"R020";"OECD-LEGAL-0449-en.pdf";"4";"listas de ""2023 and 2024 Revisions of the Recommendation"" (unidades 14 a 18 e 20 a 26)";"Outro (marcador de lista)";"• (12 ocorrências: 5 itens da lista de 2023 e 7 da lista de 2024)";"Removido";"3.3.3 – artefatos de diagramação";"Marcadores das duas listas da p. 4. Aparecem na imagem da página, mas não na camada de texto do anexo. São formatação, e não texto nem numeração; o campo number dessas unidades ficou null.";"Alta";"Não";"";""
"R021";"OECD-LEGAL-0449-en.pdf";"4";"lista de 2024, item 5 (unidade 24)";"Hifenização";"co- ⏎ operation (quebra de linha logo após o hífen; a camada de texto do anexo traz ""cooperation"")";"Normalizado";"3.4 (item 1) – reunião de palavras hifenizadas por quebra de linha";"A palavra está partida no fim da linha com hífen (""co-"" / ""operation""). O hífen é da grafia, e não da diagramação: o documento escreve ""co-operation""/""co-operate"" com hífen nas outras 11 ocorrências, nenhuma delas partida entre linhas. As linhas foram unidas mantendo o hífen (""co-operation""); a camada de texto do anexo as havia unido sem ele.";"Alta";"Não";"";""
"R022";"OECD-LEGAL-0449-en.pdf";"4";"p. 4, parágrafos, itens e títulos mantidos";"Quebra de linha";"32 quebras de linha internas unidas. Exemplos: ""privacy and data ⏎ protection, digital security"" → ""privacy and data protection, digital security""; ""sets out five ⏎ complementary principles relevant"" → ""sets out five complementary principles relevant""";"Normalizado";"3.4 (itens 2 e 3) – remoção de quebras de linha internas e redução de espaços";"As quebras de linha e os espaços nas pontas das linhas decorrem da diagramação do PDF. Cada quebra interna a um parágrafo, item ou título virou um único espaço, e os espaços no fim dos parágrafos foram removidos. Nenhum caractere visível foi alterado por esta normalização. A grafia ""co-operation"" (hífen no fim da linha) é tratada no registro de hifenização desta página.";"Alta";"Não";"";""
"R023";"OECD-LEGAL-0449-en.pdf";"4";"cabeçalho da p. 4";"Cabeçalho/rodapé de página";"OECD/LEGAL/0449 4";"Removido";"3.3.3 – artefatos de diagramação (cabeçalhos e numeração de página)";"Cabeçalho repetido nas páginas internas, com o código do documento e o número da página. Na camada de texto ele aparece ao final da página, seguido da linha horizontal convertida em sublinhados (___), que também foi descartada.";"Alta";"Não";"";""
"R024";"OECD-LEGAL-0449-en.pdf";"5";"fim da seção Background Information, antes do título Implementation";"Outro (informações de contato)";"For further information please consult: oecd.ai. Contact information: ai@oecd.org.";"Removido";"3.3.2 – informações de contato; 3.3.3 – links e URLs";"Nota de contato no fim da seção ""Background Information"", com dois endereços eletrônicos. Mesmo com a inclusão dessa seção no texto, a nota não é conteúdo declaratório: a skill manda retirar informações de contato (3.3.2) e endereços (3.3.3), e retirar só os endereços deixaria a frase sem sentido. Marcada para revisão porque o pesquisador pediu a inclusão da seção.";"Alta";"Sim";"";""
"R025";"OECD-LEGAL-0449-en.pdf";"5–6";"seção ""Implementation"" (pp. 5–6), unidades 28 a 37";"Outro (delimitação do material explicativo)";"Seção ""Implementation"", com as subseções ""2024 Report to Council"" e ""Further work to support the implementation of the Recommendation"" (unidades 28 a 37)";"Mantido com ressalva";"Decisão do pesquisador (2026-10-01); 3.5 – regra para casos de dúvida";"No documento, ""Implementation"" é uma seção distinta de ""Background Information"", com título no mesmo nível (p. 5). Foi incluída porque faz parte do material explicativo das pp. 3–6, que a versão anterior desta extração apresentou ao pesquisador como ""Background Information (pp. 3–6)"". Se a intenção for incluir só a seção ""Background Information"" em sentido estrito, as unidades 28 a 37 devem ser retiradas.";"Média";"Sim";"";""
"R026";"OECD-LEGAL-0449-en.pdf";"5";"Further work to support the implementation…, 1º parágrafo (unidade 32)";"Link/URL";"https://pm.gc.ca/eng/news/2018/12/06/mandate-international-panel-artificial- intelligence | https://www.gouvernement.fr/en/france-and-canada-create-new-expert-international-panel-on- artificial-intelligence";"Mantido com ressalva";"3.3.3 – links e URLs (se a retirada deixar a frase sem sentido, manter e sinalizar)";"Dois endereços eletrônicos entre parênteses, em ""(see … and …)"". Retirar só os endereços deixaria ""(see and )"", sem sentido; por isso foram mantidos, como manda a skill. A camada de texto une as quebras de linha dos endereços sem o hífen (""mandateinternational"", ""canadacreate""); a transcrição segue a página (""mandate-international"", ""canada-create"") e preserva o espaço exibido dentro de cada endereço. Efeito nas etapas seguintes (pipeline das skills 02 e 03): por causa desses espaços, ""intelligence"" e ""artificial-intelligence"" são contados como palavras de conteúdo; o restante dos endereços não é contado.";"Média";"Sim";"";""
"R027";"OECD-LEGAL-0449-en.pdf";"5";"p. 5, parágrafos, itens e títulos mantidos";"Quebra de linha";"26 quebras de linha internas unidas. Exemplos: ""expanded for clarity, ⏎ and the text"" → ""expanded for clarity, and the text""; ""its implementation, dissemination ⏎ and continued relevance"" → ""its implementation, dissemination and continued relevance""";"Normalizado";"3.4 (itens 2 e 3) – remoção de quebras de linha internas e redução de espaços";"As quebras de linha e os espaços nas pontas das linhas decorrem da diagramação do PDF. Cada quebra interna a um parágrafo, item ou título virou um único espaço, e os espaços no fim dos parágrafos foram removidos. Nenhum caractere visível foi alterado por esta normalização. Inclui 1 união entre páginas: o último item da lista de 2024 começa na p. 4 e termina no alto da p. 5 (na camada de texto, o cabeçalho da p. 4 fica entre as duas partes).";"Alta";"Não";"";""
"R028";"OECD-LEGAL-0449-en.pdf";"5";"cabeçalho da p. 5";"Cabeçalho/rodapé de página";"OECD/LEGAL/0449 5";"Removido";"3.3.3 – artefatos de diagramação (cabeçalhos e numeração de página)";"Cabeçalho repetido nas páginas internas, com o código do documento e o número da página. Na camada de texto ele aparece ao final da página, seguido da linha horizontal convertida em sublinhados (___), que também foi descartada.";"Alta";"Não";"";""
"R029";"OECD-LEGAL-0449-en.pdf";"6";"p. 6, parágrafos, itens e títulos mantidos";"Quebra de linha";"8 quebras de linha internas unidas. Exemplos: ""experts from government, ⏎ business, academia and"" → ""experts from government, business, academia and""; ""DPC created a ⏎ dedicated Working Party"" → ""DPC created a dedicated Working Party""";"Normalizado";"3.4 (itens 2 e 3) – remoção de quebras de linha internas e redução de espaços";"As quebras de linha e os espaços nas pontas das linhas decorrem da diagramação do PDF. Cada quebra interna a um parágrafo, item ou título virou um único espaço, e os espaços no fim dos parágrafos foram removidos. Nenhum caractere visível foi alterado por esta normalização.";"Alta";"Não";"";""
"R030";"OECD-LEGAL-0449-en.pdf";"6";"cabeçalho da p. 6";"Cabeçalho/rodapé de página";"OECD/LEGAL/0449 6";"Removido";"3.3.3 – artefatos de diagramação (cabeçalhos e numeração de página)";"Cabeçalho repetido nas páginas internas, com o código do documento e o número da página. Na camada de texto ele aparece ao final da página, seguido da linha horizontal convertida em sublinhados (___), que também foi descartada.";"Alta";"Não";"";""
"R031";"OECD-LEGAL-0449-en.pdf";"7";"preâmbulo, 3º parágrafo ""HAVING REGARD"" (unidade 41)";"Link/URL";"(A/RES/70/1)";"Mantido com ressalva";"3.3.3 – links e URLs; 3.5 – regra para casos de dúvida";"No PDF, ""A/RES/70/1"" é um hiperlink (sublinhado e em azul). O texto visível, porém, não é um endereço eletrônico: é o símbolo oficial da resolução da Assembleia Geral da ONU citada na frase, e o endereço do link não aparece no texto. Retirá-lo alteraria um parágrafo do preâmbulo adotado pelo Conselho, por isso foi mantido até a decisão do pesquisador. Efeito nas etapas seguintes (pipeline das skills 02 e 03): acrescenta só o token ""A"", que é stopword, ao total de tokens; ""RES/70/1"" não é contado como palavra.";"Média";"Sim";"";""
"R032";"OECD-LEGAL-0449-en.pdf";"7–8";"definições do item I. (unidades 52 a 56)";"Outro (marcador de lista)";"‒ (5 ocorrências, antes de ""AI system"", ""AI system lifecycle"", ""AI actors"", ""AI knowledge"" e ""Stakeholders"")";"Removido";"3.3.3 – artefatos de diagramação";"Travessões usados como marcadores de lista nas cinco definições do item I. São formatação, e não texto nem numeração; o campo number dessas unidades ficou null.";"Alta";"Não";"";""
"R033";"OECD-LEGAL-0449-en.pdf";"7";"p. 7, parágrafos, itens e títulos mantidos";"Quebra de linha";"26 quebras de linha internas unidas. Exemplos: ""Economic Co-operation and ⏎ Development of 14"" → ""Economic Co-operation and Development of 14""; ""digital security, consumer ⏎ protection and responsible"" → ""digital security, consumer protection and responsible""";"Normalizado";"3.4 (itens 2 e 3) – remoção de quebras de linha internas e redução de espaços";"As quebras de linha e os espaços nas pontas das linhas decorrem da diagramação do PDF. Cada quebra interna a um parágrafo, item ou título virou um único espaço, e os espaços no fim dos parágrafos foram removidos. Nenhum caractere visível foi alterado por esta normalização.";"Alta";"Não";"";""
"R034";"OECD-LEGAL-0449-en.pdf";"7";"cabeçalho da p. 7";"Cabeçalho/rodapé de página";"OECD/LEGAL/0449 7";"Removido";"3.3.3 – artefatos de diagramação (cabeçalhos e numeração de página)";"Cabeçalho repetido nas páginas internas, com o código do documento e o número da página. Na camada de texto ele aparece ao final da página, seguido da linha horizontal convertida em sublinhados (___), que também foi descartada.";"Alta";"Não";"";""
"R035";"OECD-LEGAL-0449-en.pdf";"8";"p. 8, parágrafos, itens e títulos mantidos";"Quebra de linha";"27 quebras de linha internas unidas. Exemplos: ""include to: plan ⏎ and design; collect"" → ""include to: plan and design; collect""; ""system lifecycle, including ⏎ organisations and individuals"" → ""system lifecycle, including organisations and individuals""";"Normalizado";"3.4 (itens 2 e 3) – remoção de quebras de linha internas e redução de espaços";"As quebras de linha e os espaços nas pontas das linhas decorrem da diagramação do PDF. Cada quebra interna a um parágrafo, item ou título virou um único espaço, e os espaços no fim dos parágrafos foram removidos. Nenhum caractere visível foi alterado por esta normalização.";"Alta";"Não";"";""
"R036";"OECD-LEGAL-0449-en.pdf";"8";"cabeçalho da p. 8";"Cabeçalho/rodapé de página";"OECD/LEGAL/0449 8";"Removido";"3.3.3 – artefatos de diagramação (cabeçalhos e numeração de página)";"Cabeçalho repetido nas páginas internas, com o código do documento e o número da página. Na camada de texto ele aparece ao final da página, seguido da linha horizontal convertida em sublinhados (___), que também foi descartada.";"Alta";"Não";"";""
"R037";"OECD-LEGAL-0449-en.pdf";"9";"2.1, alínea b) (unidade 76)";"Hifenização";"open- ⏎ source (quebra de linha logo após o hífen; a camada de texto do anexo traz ""opensource"")";"Mantido com ressalva";"3.4 (item 1) – reunião de palavras hifenizadas por quebra de linha; 3.5 – regra para casos de dúvida";"A quebra de linha cai logo depois do hífen de ""open-source"". Como o hífen é visível na página e faz parte da grafia usual do composto, não foi tratado como artefato de diagramação: o texto extraído é ""open-source tools"". A camada de texto do anexo une as linhas sem o hífen (""opensource""), o que foi corrigido para a forma impressa. Ao contrário de ""co-operation"", o composto não aparece em outro ponto do documento. Conferir a grafia na imagem da p. 9.";"Média";"Sim";"";""
"R038";"OECD-LEGAL-0449-en.pdf";"9";"p. 9, parágrafos, itens e títulos mantidos";"Quebra de linha";"25 quebras de linha internas unidas. Exemplos: ""including in the ⏎ workplace,"" → ""including in the workplace,""; ""information on the ⏎ sources of data/input,"" → ""information on the sources of data/input,""";"Normalizado";"3.4 (itens 2 e 3) – remoção de quebras de linha internas e redução de espaços";"As quebras de linha e os espaços nas pontas das linhas decorrem da diagramação do PDF. Cada quebra interna a um parágrafo, item ou título virou um único espaço, e os espaços no fim dos parágrafos foram removidos. Nenhum caractere visível foi alterado por esta normalização. A grafia ""open-source"" (hífen no fim da linha) é tratada no registro de hifenização desta página.";"Alta";"Não";"";""
"R039";"OECD-LEGAL-0449-en.pdf";"9";"cabeçalho da p. 9";"Cabeçalho/rodapé de página";"OECD/LEGAL/0449 9";"Removido";"3.3.3 – artefatos de diagramação (cabeçalhos e numeração de página)";"Cabeçalho repetido nas páginas internas, com o código do documento e o número da página. Na camada de texto ele aparece ao final da página, seguido da linha horizontal convertida em sublinhados (___), que também foi descartada.";"Alta";"Não";"";""
"R040";"OECD-LEGAL-0449-en.pdf";"10";"p. 10, parágrafos, itens e títulos mantidos";"Quebra de linha";"26 quebras de linha internas unidas. Exemplos: ""dynamic, sustainable, and ⏎ interoperable digital ecosystem"" → ""dynamic, sustainable, and interoperable digital ecosystem""; ""transitioning from the ⏎ research and development"" → ""transitioning from the research and development""";"Normalizado";"3.4 (itens 2 e 3) – remoção de quebras de linha internas e redução de espaços";"As quebras de linha e os espaços nas pontas das linhas decorrem da diagramação do PDF. Cada quebra interna a um parágrafo, item ou título virou um único espaço, e os espaços no fim dos parágrafos foram removidos. Nenhum caractere visível foi alterado por esta normalização.";"Alta";"Não";"";""
"R041";"OECD-LEGAL-0449-en.pdf";"10";"cabeçalho da p. 10";"Cabeçalho/rodapé de página";"OECD/LEGAL/0449 10";"Removido";"3.3.3 – artefatos de diagramação (cabeçalhos e numeração de página)";"Cabeçalho repetido nas páginas internas, com o código do documento e o número da página. Na camada de texto ele aparece ao final da página, seguido da linha horizontal convertida em sublinhados (___), que também foi descartada.";"Alta";"Não";"";""
"R042";"OECD-LEGAL-0449-en.pdf";"11";"p. 11, parágrafos, itens e títulos mantidos";"Quebra de linha";"7 quebras de linha internas unidas. Exemplos: ""Recommendation and taking ⏎ into account work"" → ""Recommendation and taking into account work""; ""this Recommendation to ⏎ meet evolving developments"" → ""this Recommendation to meet evolving developments""";"Normalizado";"3.4 (itens 2 e 3) – remoção de quebras de linha internas e redução de espaços";"As quebras de linha e os espaços nas pontas das linhas decorrem da diagramação do PDF. Cada quebra interna a um parágrafo, item ou título virou um único espaço, e os espaços no fim dos parágrafos foram removidos. Nenhum caractere visível foi alterado por esta normalização.";"Alta";"Não";"";""
"R043";"OECD-LEGAL-0449-en.pdf";"11";"cabeçalho da p. 11";"Cabeçalho/rodapé de página";"OECD/LEGAL/0449 11";"Removido";"3.3.3 – artefatos de diagramação (cabeçalhos e numeração de página)";"Cabeçalho repetido nas páginas internas, com o código do documento e o número da página. Na camada de texto ele aparece ao final da página, seguido da linha horizontal convertida em sublinhados (___), que também foi descartada.";"Alta";"Não";"";""
"R044";"OECD-LEGAL-0449-en.pdf";"12";"p. 12, título";"Outro (elemento pós-textual institucional)";"About the OECD";"Removido";"3.3.2 – elementos pós-textuais (apresentação institucional)";"Apresentação institucional da OCDE e de seus instrumentos jurídicos, na última página do arquivo, depois do fim da Recomendação. Não integra o texto declaratório. Título.";"Alta";"Não";"";""
"R045";"OECD-LEGAL-0449-en.pdf";"12";"About the OECD, 1º parágrafo";"Outro (elemento pós-textual institucional)";"The OECD is a unique forum where governments work together to address the economic, social and environmental challenges of globalisation. The OECD is also at the forefront of efforts to understand and to help governments respond to new developments and concerns, such as corporate governance, the information economy and the challenges of an ageing population. The Organisation provides a setting where governments can compare policy experiences, seek answers to common problems, identify good practice and work to co-ordinate domestic and international policies.";"Removido";"3.3.2 – elementos pós-textuais (apresentação institucional)";"Apresentação institucional da OCDE e de seus instrumentos jurídicos, na última página do arquivo, depois do fim da Recomendação. Não integra o texto declaratório. Descreve a OCDE.";"Alta";"Não";"";""
"R046";"OECD-LEGAL-0449-en.pdf";"12";"About the OECD, 2º parágrafo";"Outro (elemento pós-textual institucional)";"The OECD Member countries are: Australia, Austria, Belgium, Canada, Chile, Colombia, Costa Rica, the Czech Republic, Denmark, Estonia, Finland, France, Germany, Greece, Hungary, Iceland, Ireland, Israel, Italy, Japan, Korea, Latvia, Lithuania, Luxembourg, Mexico, the Netherlands, New Zealand, Norway, Poland, Portugal, the Slovak Republic, Slovenia, Spain, Sweden, Switzerland, Türkiye, the United Kingdom and the United States. The European Union takes part in the work of the OECD.";"Removido";"3.3.2 – elementos pós-textuais (apresentação institucional)";"Apresentação institucional da OCDE e de seus instrumentos jurídicos, na última página do arquivo, depois do fim da Recomendação. Não integra o texto declaratório. Lista os países-membros da OCDE. Não é uma lista de signatários nem de Aderentes desta Recomendação, à qual também podem aderir países não membros, segundo o próprio texto (item II); por isso não foi transcrita em document.signatories. O documento não traz lista de Aderentes, e document.signatories ficou null.";"Alta";"Sim";"";""
"R047";"OECD-LEGAL-0449-en.pdf";"12";"p. 12, título";"Outro (elemento pós-textual institucional)";"OECD Legal Instruments";"Removido";"3.3.2 – elementos pós-textuais (apresentação institucional)";"Apresentação institucional da OCDE e de seus instrumentos jurídicos, na última página do arquivo, depois do fim da Recomendação. Não integra o texto declaratório. Título.";"Alta";"Não";"";""
"R048";"OECD-LEGAL-0449-en.pdf";"12";"OECD Legal Instruments, 1º parágrafo";"Outro (elemento pós-textual institucional)";"Since the creation of the OECD in 1961, around 460 substantive legal instruments have been developed within its framework. These include OECD Acts (i.e. the Decisions and Recommendations adopted by the OECD Council in accordance with the OECD Convention) and other legal instruments developed within the OECD framework (e.g. Declarations, international agreements).";"Removido";"3.3.2 – elementos pós-textuais (apresentação institucional)";"Apresentação institucional da OCDE e de seus instrumentos jurídicos, na última página do arquivo, depois do fim da Recomendação. Não integra o texto declaratório. Descreve o conjunto de instrumentos jurídicos da OCDE.";"Alta";"Não";"";""
"R049";"OECD-LEGAL-0449-en.pdf";"12";"OECD Legal Instruments, 2º parágrafo";"Outro (elemento pós-textual institucional)";"All substantive OECD legal instruments, whether in force or abrogated, are listed in the online Compendium of OECD Legal Instruments. They are presented in five categories:";"Removido";"3.3.2 – elementos pós-textuais (apresentação institucional)";"Apresentação institucional da OCDE e de seus instrumentos jurídicos, na última página do arquivo, depois do fim da Recomendação. Não integra o texto declaratório. Introduz as categorias de instrumentos jurídicos.";"Alta";"Não";"";""
"R050";"OECD-LEGAL-0449-en.pdf";"12";"OECD Legal Instruments, lista de categorias, item 1 (marcador •)";"Outro (elemento pós-textual institucional)";"Decisions are adopted by Council and are legally binding on all Members except those which abstain at the time of adoption. They set out specific rights and obligations and may contain monitoring mechanisms.";"Removido";"3.3.2 – elementos pós-textuais (apresentação institucional)";"Apresentação institucional da OCDE e de seus instrumentos jurídicos, na última página do arquivo, depois do fim da Recomendação. Não integra o texto declaratório. Item da lista de categorias de instrumentos jurídicos.";"Alta";"Não";"";""
"R051";"OECD-LEGAL-0449-en.pdf";"12";"OECD Legal Instruments, lista de categorias, item 2 (marcador •)";"Outro (elemento pós-textual institucional)";"Recommendations are adopted by Council and are not legally binding. They represent a political commitment to the principles they contain and entail an expectation that Adherents will do their best to implement them.";"Removido";"3.3.2 – elementos pós-textuais (apresentação institucional)";"Apresentação institucional da OCDE e de seus instrumentos jurídicos, na última página do arquivo, depois do fim da Recomendação. Não integra o texto declaratório. Item da lista de categorias de instrumentos jurídicos.";"Alta";"Não";"";""
"R052";"OECD-LEGAL-0449-en.pdf";"12";"OECD Legal Instruments, lista de categorias, item 3 (marcador •)";"Outro (elemento pós-textual institucional)";"Substantive Outcome Documents are adopted by the individual listed Adherents rather than by an OECD body, as the outcome of a ministerial, high-level or other meeting within the framework of the Organisation. They usually set general principles or long-term goals and have a solemn character.";"Removido";"3.3.2 – elementos pós-textuais (apresentação institucional)";"Apresentação institucional da OCDE e de seus instrumentos jurídicos, na última página do arquivo, depois do fim da Recomendação. Não integra o texto declaratório. Item da lista de categorias de instrumentos jurídicos.";"Alta";"Não";"";""
"R053";"OECD-LEGAL-0449-en.pdf";"12";"OECD Legal Instruments, lista de categorias, item 4 (marcador •)";"Outro (elemento pós-textual institucional)";"International Agreements are negotiated and concluded within the framework of the Organisation. They are legally binding on the Parties.";"Removido";"3.3.2 – elementos pós-textuais (apresentação institucional)";"Apresentação institucional da OCDE e de seus instrumentos jurídicos, na última página do arquivo, depois do fim da Recomendação. Não integra o texto declaratório. Item da lista de categorias de instrumentos jurídicos.";"Alta";"Não";"";""
"R054";"OECD-LEGAL-0449-en.pdf";"12";"OECD Legal Instruments, lista de categorias, item 5 (marcador •)";"Outro (elemento pós-textual institucional)";"Arrangement, Understanding and Others: several other types of substantive legal instruments have been developed within the OECD framework over time, such as the Arrangement on Officially Supported Export Credits, the International Understanding on Maritime Transport Principles and the Development Assistance Committee (DAC) Recommendations.";"Removido";"3.3.2 – elementos pós-textuais (apresentação institucional)";"Apresentação institucional da OCDE e de seus instrumentos jurídicos, na última página do arquivo, depois do fim da Recomendação. Não integra o texto declaratório. Item da lista de categorias de instrumentos jurídicos.";"Alta";"Não";"";""
