unidade;frase;i;posicao;forma;lema;classe;etiqueta;conteudo
1;1.0;0;0;artificial;artificial;PROPN;NNP;True
1;1.0;1;1;intelligence;intelligence;PROPN;NNP;True
1;1.0;2;2;represents;represent;VERB;VBZ;True
1;1.0;3;3;a;a;DET;DT;False
1;1.0;4;4;milestone;milestone;NOUN;NN;True
1;1.0;5;5;opportunity;opportunity;NOUN;NN;True
1;1.0;6;6;to;to;PART;TO;False
1;1.0;7;7;boost;boost;VERB;VB;True
1;1.0;8;8;development;development;NOUN;NN;True
1;1.0;9;9;towards;towards;ADP;IN;False
1;1.0;10;10;a;a;DET;DT;False
1;1.0;11;11;more;more;ADV;RBR;False
1;1.0;12;12;equitable;equitable;ADJ;JJ;True
1;1.0;13;13;future;future;NOUN;NN;True
1;1.0;15;14;fostering;foster;VERB;VBG;True
1;1.0;16;15;innovation;innovation;NOUN;NN;True
1;1.0;18;16;enhancing;enhance;VERB;VBG;True
1;1.0;19;17;productivity;productivity;NOUN;NN;True
1;1.0;21;18;advancing;advance;VERB;VBG;True
1;1.0;22;19;sustainable;sustainable;ADJ;JJ;True
1;1.0;23;20;practices;practice;NOUN;NNS;True
1;1.0;25;21;and;and;CCONJ;CC;False
1;1.0;26;22;concretely;concretely;ADV;RB;True
1;1.0;27;23;improving;improve;VERB;VBG;True
1;1.0;28;24;the;the;DET;DT;False
1;1.0;29;25;lives;life;NOUN;NNS;True
1;1.0;30;26;of;of;ADP;IN;False
1;1.0;31;27;people;people;NOUN;NNS;True
1;1.0;32;28;everywhere;everywhere;ADV;RB;False
1;1.0;33;29;on;on;ADP;IN;False
1;1.0;34;30;the;the;DET;DT;False
1;1.0;35;31;planet;planet;NOUN;NN;True
2;2.0;0;32;to;to;PART;TO;False
2;2.0;1;33;achieve;achieve;VERB;VB;True
2;2.0;2;34;that;that;DET;DT;False
2;2.0;3;35;goal;goal;NOUN;NN;True
2;2.0;5;36;global;global;ADJ;JJ;True
2;2.0;6;37;governance;governance;NOUN;NN;True
2;2.0;7;38;of;of;ADP;IN;False
2;2.0;8;39;ai;ai;PROPN;NNP;True
2;2.0;9;40;should;should;AUX;MD;False
2;2.0;10;41;mitigate;mitigate;VERB;VB;True
2;2.0;11;42;potential;potential;ADJ;JJ;True
2;2.0;12;43;risks;risk;NOUN;NNS;True
2;2.0;13;44;and;and;CCONJ;CC;False
2;2.0;14;45;address;address;VERB;VB;True
2;2.0;15;46;the;the;DET;DT;False
2;2.0;16;47;needs;need;NOUN;NNS;True
2;2.0;17;48;of;of;ADP;IN;False
2;2.0;18;49;all;all;DET;DT;False
2;2.0;19;50;countries;country;NOUN;NNS;True
2;2.0;21;51;especially;especially;ADV;RB;True
2;2.0;22;52;those;those;PRON;DT;False
2;2.0;23;53;of;of;ADP;IN;False
2;2.0;24;54;the;the;DET;DT;False
2;2.0;25;55;global;global;PROPN;NNP;True
2;2.0;26;56;south;south;PROPN;NNP;True
2;2.1;28;57;it;it;PRON;PRP;False
2;2.1;29;58;must;must;AUX;MD;False
2;2.1;30;59;operate;operate;VERB;VB;True
2;2.1;31;60;under;under;ADP;IN;False
2;2.1;32;61;national;national;ADJ;JJ;True
2;2.1;33;62;regulatory;regulatory;ADJ;JJ;True
2;2.1;34;63;frameworks;framework;NOUN;NNS;True
2;2.1;35;64;and;and;CCONJ;CC;False
2;2.1;36;65;the;the;DET;DT;False
2;2.1;37;66;un;un;PROPN;NNP;True
2;2.1;38;67;charter;charter;PROPN;NNP;True
2;2.1;40;68;respect;respect;VERB;VB;True
2;2.1;41;69;sovereignty;sovereignty;NOUN;NN;True
2;2.1;42;70;as;as;ADV;RB;False
2;2.1;43;71;well;well;ADV;RB;False
2;2.1;44;72;as;as;ADP;IN;False
2;2.1;45;73;be;be;AUX;VB;False
2;2.1;46;74;representative;representative;ADJ;JJ;True
2;2.1;48;75;development-oriented;development-oriented;VERB;VBN;True
2;2.1;50;76;accessible;accessible;ADJ;JJ;True
2;2.1;52;77;inclusive;inclusive;ADJ;JJ;True
2;2.1;54;78;dynamic;dynamic;ADJ;JJ;True
2;2.1;56;79;responsive;responsive;ADJ;JJ;True
2;2.1;58;80;grounded;ground;VERB;VBN;True
2;2.1;59;81;in;in;ADP;IN;False
2;2.1;60;82;personal;personal;ADJ;JJ;True
2;2.1;61;83;data;data;NOUN;NNS;True
2;2.1;62;84;protection;protection;NOUN;NN;True
2;2.1;64;85;the;the;DET;DT;False
2;2.1;65;86;rights;right;NOUN;NNS;True
2;2.1;66;87;and;and;CCONJ;CC;False
2;2.1;67;88;interests;interest;NOUN;NNS;True
2;2.1;68;89;of;of;ADP;IN;False
2;2.1;69;90;humanity;humanity;NOUN;NN;True
2;2.1;71;91;safety;safety;NOUN;NN;True
2;2.1;73;92;transparency;transparency;NOUN;NN;True
2;2.1;75;93;sustainability;sustainability;NOUN;NN;True
2;2.1;77;94;and;and;CCONJ;CC;False
2;2.1;78;95;conducive;conducive;ADJ;JJ;True
2;2.1;79;96;to;to;ADP;IN;False
2;2.1;80;97;overcoming;overcome;VERB;VBG;True
2;2.1;81;98;the;the;DET;DT;False
2;2.1;82;99;growing;grow;VERB;VBG;True
2;2.1;83;100;digital;digital;ADJ;JJ;True
2;2.1;84;101;and;and;CCONJ;CC;False
2;2.1;85;102;data;data;NOUN;NN;True
2;2.1;86;103;divides;divide;NOUN;NNS;True
2;2.1;88;104;within;within;ADP;IN;False
2;2.1;89;105;and;and;CCONJ;CC;False
2;2.1;90;106;between;between;ADP;IN;False
2;2.1;91;107;countries;country;NOUN;NNS;True
2;2.2;93;108;a;a;DET;DT;False
2;2.2;94;109;collective;collective;ADJ;JJ;True
2;2.2;95;110;global;global;ADJ;JJ;True
2;2.2;96;111;effort;effort;NOUN;NN;True
2;2.2;97;112;is;be;AUX;VBZ;False
2;2.2;98;113;needed;need;VERB;VBN;True
2;2.2;99;114;to;to;PART;TO;False
2;2.2;100;115;establish;establish;VERB;VB;True
2;2.2;101;116;an;an;DET;DT;False
2;2.2;102;117;ai;ai;PROPN;NNP;True
2;2.2;103;118;governance;governance;NOUN;NN;True
2;2.2;104;119;that;that;PRON;WDT;False
2;2.2;105;120;upholds;uphold;VERB;VBZ;True
2;2.2;106;121;our;our;PRON;PRP$;False
2;2.2;107;122;shared;share;VERB;VBN;True
2;2.2;108;123;values;value;NOUN;NNS;True
2;2.2;110;124;addresses;address;NOUN;NNS;True
2;2.2;111;125;risks;risk;NOUN;NNS;True
2;2.2;113;126;builds;build;VERB;VBZ;True
2;2.2;114;127;trust;trust;NOUN;NN;True
2;2.2;116;128;and;and;CCONJ;CC;False
2;2.2;117;129;ensures;ensure;VERB;VBZ;True
2;2.2;118;130;broad;broad;ADJ;JJ;True
2;2.2;119;131;and;and;CCONJ;CC;False
2;2.2;120;132;inclusive;inclusive;ADJ;JJ;True
2;2.2;121;133;international;international;ADJ;JJ;True
2;2.2;122;134;collaboration;collaboration;NOUN;NN;True
2;2.2;123;135;and;and;CCONJ;CC;False
2;2.2;124;136;access;access;NOUN;NN;True
2;2.2;126;137;including;include;VERB;VBG;True
2;2.2;127;138;capacity;capacity;NOUN;NN;True
2;2.2;128;139;building;build;VERB;VBG;True
2;2.2;129;140;for;for;ADP;IN;False
2;2.2;130;141;developing;develop;VERB;VBG;True
2;2.2;131;142;countries;country;NOUN;NNS;True
2;2.2;133;143;with;with;ADP;IN;False
2;2.2;134;144;the;the;DET;DT;False
2;2.2;135;145;united;united;PROPN;NNP;True
2;2.2;136;146;nations;nations;PROPN;NNP;True
2;2.2;137;147;at;at;ADP;IN;False
2;2.2;138;148;its;its;PRON;PRP$;False
2;2.2;139;149;core;core;NOUN;NN;True
3;3.0;0;150;the;the;DET;DT;False
3;3.0;1;151;proliferation;proliferation;NOUN;NN;True
3;3.0;2;152;of;of;ADP;IN;False
3;3.0;3;153;governance;governance;NOUN;NN;True
3;3.0;4;154;initiatives;initiative;NOUN;NNS;True
3;3.0;5;155;and;and;CCONJ;CC;False
3;3.0;6;156;the;the;DET;DT;False
3;3.0;7;157;diverging;diverge;VERB;VBG;True
3;3.0;8;158;views;view;NOUN;NNS;True
3;3.0;9;159;in;in;ADP;IN;False
3;3.0;10;160;multilateral;multilateral;ADJ;JJ;True
3;3.0;11;161;coordination;coordination;NOUN;NN;True
3;3.0;12;162;at;at;ADP;IN;False
3;3.0;13;163;the;the;DET;DT;False
3;3.0;14;164;international;international;ADJ;JJ;True
3;3.0;15;165;level;level;NOUN;NN;True
3;3.0;16;166;may;may;AUX;MD;False
3;3.0;17;167;aggravate;aggravate;VERB;VB;True
3;3.0;18;168;existing;exist;VERB;VBG;True
3;3.0;19;169;asymmetries;asymmetry;NOUN;NNS;True
3;3.0;20;170;and;and;CCONJ;CC;False
3;3.0;21;171;the;the;DET;DT;False
3;3.0;22;172;legitimacy;legitimacy;NOUN;NN;True
3;3.0;23;173;gap;gap;NOUN;NN;True
3;3.0;24;174;of;of;ADP;IN;False
3;3.0;25;175;global;global;ADJ;JJ;True
3;3.0;26;176;governance;governance;NOUN;NN;True
3;3.0;27;177;on;on;ADP;IN;False
3;3.0;28;178;digital;digital;ADJ;JJ;True
3;3.0;29;179;matters;matter;NOUN;NNS;True
3;3.0;31;180;further;far;ADV;RB;True
3;3.0;32;181;eroding;erode;VERB;VBG;True
3;3.0;33;182;multilateralism;multilateralism;NOUN;NN;True
3;3.0;34;183;as;as;ADP;IN;False
3;3.0;35;184;a;a;DET;DT;False
3;3.0;36;185;result;result;NOUN;NN;True
4;4.0;0;186;to;to;PART;TO;False
4;4.0;1;187;support;support;VERB;VB;True
4;4.0;2;188;a;a;DET;DT;False
4;4.0;3;189;constructive;constructive;ADJ;JJ;True
4;4.0;4;190;debate;debate;NOUN;NN;True
4;4.0;5;191;towards;towards;ADP;IN;False
4;4.0;6;192;a;a;DET;DT;False
4;4.0;7;193;more;more;ADV;RBR;False
4;4.0;8;194;balanced;balanced;ADJ;JJ;True
4;4.0;9;195;approach;approach;NOUN;NN;True
4;4.0;11;196;we;we;PRON;PRP;False
4;4.0;13;197;the;the;DET;DT;False
4;4.0;14;198;brics;brics;PROPN;NNP;True
4;4.0;15;199;leaders;leaders;PROPN;NNPS;True
4;4.0;17;200;have;have;AUX;VBP;False
4;4.0;18;201;agreed;agree;VERB;VBN;True
4;4.0;19;202;on;on;ADP;IN;False
4;4.0;20;203;a;a;DET;DT;False
4;4.0;21;204;set;set;NOUN;NN;True
4;4.0;22;205;of;of;ADP;IN;False
4;4.0;23;206;guidelines;guideline;NOUN;NNS;True
4;4.0;24;207;to;to;PART;TO;False
4;4.0;25;208;foster;foster;VERB;VB;True
4;4.0;26;209;responsible;responsible;ADJ;JJ;True
4;4.0;27;210;development;development;NOUN;NN;True
4;4.0;29;211;deployment;deployment;NOUN;NN;True
4;4.0;31;212;and;and;CCONJ;CC;False
4;4.0;32;213;use;use;NOUN;NN;True
4;4.0;33;214;of;of;ADP;IN;False
4;4.0;34;215;ai;ai;PROPN;NNP;True
4;4.0;35;216;technologies;technology;NOUN;NNS;True
4;4.0;36;217;for;for;ADP;IN;False
4;4.0;37;218;sustainable;sustainable;ADJ;JJ;True
4;4.0;38;219;development;development;NOUN;NN;True
4;4.0;39;220;and;and;CCONJ;CC;False
4;4.0;40;221;inclusive;inclusive;ADJ;JJ;True
4;4.0;41;222;growth;growth;NOUN;NN;True
4;4.1;43;223;these;these;DET;DT;False
4;4.1;44;224;guidelines;guideline;NOUN;NNS;True
4;4.1;46;225;that;that;PRON;WDT;False
4;4.1;47;226;strictly;strictly;ADV;RB;True
4;4.1;48;227;refer;refer;VERB;VBP;True
4;4.1;49;228;to;to;ADP;IN;False
4;4.1;50;229;the;the;DET;DT;False
4;4.1;51;230;use;use;NOUN;NN;True
4;4.1;52;231;of;of;ADP;IN;False
4;4.1;53;232;ai;ai;PROPN;NNP;True
4;4.1;54;233;in;in;ADP;IN;False
4;4.1;55;234;the;the;DET;DT;False
4;4.1;56;235;non-military;non-military;ADJ;JJ;True
4;4.1;57;236;domain;domain;NOUN;NN;True
4;4.1;59;237;should;should;AUX;MD;False
4;4.1;60;238;be;be;AUX;VB;False
4;4.1;61;239;applied;apply;VERB;VBN;True
4;4.1;62;240;through;through;ADP;IN;False
4;4.1;63;241;either;either;CCONJ;CC;False
4;4.1;64;242;domestic;domestic;ADJ;JJ;True
4;4.1;65;243;or;or;CCONJ;CC;False
4;4.1;66;244;applicable;applicable;ADJ;JJ;True
4;4.1;67;245;international;international;ADJ;JJ;True
4;4.1;68;246;frameworks;framework;NOUN;NNS;True
4;4.1;70;247;as;as;ADV;RB;False
4;4.1;71;248;well;well;ADV;RB;False
4;4.1;72;249;as;as;ADP;IN;False
4;4.1;73;250;through;through;ADP;IN;False
4;4.1;74;251;the;the;DET;DT;False
4;4.1;75;252;development;development;NOUN;NN;True
4;4.1;76;253;of;of;ADP;IN;False
4;4.1;77;254;interoperable;interoperable;ADJ;JJ;True
4;4.1;78;255;standards;standard;NOUN;NNS;True
4;4.1;79;256;and;and;CCONJ;CC;False
4;4.1;80;257;protocols;protocol;NOUN;NNS;True
4;4.1;82;258;in;in;ADP;IN;False
4;4.1;83;259;inclusive;inclusive;ADJ;JJ;True
4;4.1;85;260;transparent;transparent;ADJ;JJ;True
4;4.1;87;261;and;and;CCONJ;CC;False
4;4.1;88;262;consensus-based;consensus-based;VERB;VBN;True
4;4.1;89;263;processes;process;NOUN;NNS;True
5;5.0;0;264;the;the;DET;DT;False
5;5.0;1;265;united;united;PROPN;NNP;True
5;5.0;2;266;nations;nations;PROPN;NNP;True
5;5.0;3;267;is;be;AUX;VBZ;False
5;5.0;4;268;central;central;ADJ;JJ;True
5;5.0;5;269;to;to;ADP;IN;False
5;5.0;6;270;global;global;PROPN;NNP;True
5;5.0;7;271;ai;ai;PROPN;NNP;True
5;5.0;8;272;governance;governance;PROPN;NNP;True
5;5.1;10;273;fragmentation;fragmentation;NOUN;NN;True
5;5.1;11;274;and;and;CCONJ;CC;False
5;5.1;12;275;duplication;duplication;NOUN;NN;True
5;5.1;13;276;of;of;ADP;IN;False
5;5.1;14;277;global;global;ADJ;JJ;True
5;5.1;15;278;ai;ai;PROPN;NNP;True
5;5.1;16;279;governance;governance;NOUN;NN;True
5;5.1;17;280;efforts;effort;NOUN;NNS;True
5;5.1;18;281;must;must;AUX;MD;False
5;5.1;19;282;be;be;AUX;VB;False
5;5.1;20;283;avoided;avoid;VERB;VBN;True
5;5.1;21;284;at;at;ADP;IN;False
5;5.1;22;285;all;all;DET;DT;False
5;5.1;23;286;costs;cost;NOUN;NNS;True
5;5.2;25;287;we;we;PRON;PRP;False
5;5.2;26;288;must;must;AUX;MD;False
5;5.2;27;289;strengthen;strengthen;VERB;VB;True
5;5.2;28;290;ai;ai;PROPN;NNP;True
5;5.2;29;291;international;international;ADJ;JJ;True
5;5.2;30;292;governance;governance;NOUN;NN;True
5;5.2;31;293;through;through;ADP;IN;False
5;5.2;32;294;the;the;DET;DT;False
5;5.2;33;295;united;united;PROPN;NNP;True
5;5.2;34;296;nations;nations;PROPN;NNP;True
5;5.2;35;297;system;system;NOUN;NN;True
5;5.2;36;298;as;as;ADP;IN;False
5;5.2;37;299;a;a;DET;DT;False
5;5.2;38;300;fully;fully;ADV;RB;True
5;5.2;39;301;inclusive;inclusive;ADJ;JJ;True
5;5.2;40;302;and;and;CCONJ;CC;False
5;5.2;41;303;representative;representative;ADJ;JJ;True
5;5.2;42;304;international;international;ADJ;JJ;True
5;5.2;43;305;framework;framework;NOUN;NN;True
5;5.3;45;306;we;we;PRON;PRP;False
5;5.3;46;307;must;must;AUX;MD;False
5;5.3;47;308;promote;promote;VERB;VB;True
5;5.3;48;309;emerging;emerge;VERB;VBG;True
5;5.3;49;310;markets;market;NOUN;NNS;True
5;5.3;50;311;and;and;CCONJ;CC;False
5;5.3;51;312;developing;develop;VERB;VBG;True
5;5.3;52;313;countries;country;NOUN;NNS;True
5;5.3;55;314;emdcs;emdc;NOUN;NNS;True
5;5.3;57;315;and;and;CCONJ;CC;False
5;5.3;58;316;the;the;DET;DT;False
5;5.3;59;317;global;global;PROPN;NNP;True
5;5.3;60;318;south;south;PROPN;NNP;True
5;5.3;62;319;meaningful;meaningful;ADJ;JJ;True
5;5.3;63;320;participation;participation;NOUN;NN;True
5;5.3;64;321;and;and;CCONJ;CC;False
5;5.3;65;322;role;role;NOUN;NN;True
5;5.3;66;323;in;in;ADP;IN;False
5;5.3;67;324;decision-making;decision-making;VERB;VBG;True
5;5.3;68;325;processes;process;NOUN;NNS;True
5;5.3;69;326;under;under;ADP;IN;False
5;5.3;70;327;un;un;PROPN;NNP;True
5;5.3;71;328;initiatives;initiative;NOUN;NNS;True
5;5.3;73;329;while;while;SCONJ;IN;False
5;5.3;74;330;recognizing;recognize;VERB;VBG;True
5;5.3;75;331;the;the;DET;DT;False
5;5.3;76;332;complementary;complementary;ADJ;JJ;True
5;5.3;77;333;roles;role;NOUN;NNS;True
5;5.3;78;334;of;of;ADP;IN;False
5;5.3;79;335;regional;regional;ADJ;JJ;True
5;5.3;80;336;and;and;CCONJ;CC;False
5;5.3;81;337;multi-stakeholder;multi-stakeholder;ADJ;JJ;True
5;5.3;82;338;frameworks;framework;NOUN;NNS;True
5;5.3;84;339;and;and;CCONJ;CC;False
5;5.3;85;340;encourage;encourage;VERB;VB;True
5;5.3;86;341;policy;policy;NOUN;NN;True
5;5.3;87;342;exchanges;exchange;NOUN;NNS;True
5;5.3;88;343;and;and;CCONJ;CC;False
5;5.3;89;344;dialogues;dialogue;NOUN;NNS;True
5;5.3;90;345;on;on;ADP;IN;False
5;5.3;91;346;ai;ai;PROPN;NNP;True
5;5.3;93;347;with;with;ADP;IN;False
5;5.3;94;348;a;a;DET;DT;False
5;5.3;95;349;view;view;NOUN;NN;True
5;5.3;96;350;to;to;PART;TO;False
5;5.3;97;351;spur;spur;VERB;VB;True
5;5.3;98;352;innovation;innovation;NOUN;NN;True
5;5.3;99;353;and;and;CCONJ;CC;False
5;5.3;100;354;promote;promote;VERB;VB;True
5;5.3;101;355;economic;economic;ADJ;JJ;True
5;5.3;102;356;growth;growth;NOUN;NN;True
6;6.0;0;357;collaborative;collaborative;PROPN;NNP;True
6;6.0;1;358;governance;governance;PROPN;NNP;True
6;6.0;2;359;of;of;ADP;IN;False
6;6.0;3;360;ai;ai;PROPN;NNP;True
6;6.0;4;361;is;be;AUX;VBZ;False
6;6.0;5;362;complex;complex;PROPN;NNP;True
6;6.0;7;363;but;but;CCONJ;CC;False
6;6.0;8;364;possible;possible;ADJ;JJ;True
6;6.1;10;365;a;a;DET;DT;False
6;6.1;11;366;network;network;NOUN;NN;True
6;6.1;12;367;of;of;ADP;IN;False
6;6.1;13;368;relevant;relevant;ADJ;JJ;True
6;6.1;14;369;stakeholders;stakeholder;NOUN;NNS;True
6;6.1;16;370;from;from;ADP;IN;False
6;6.1;17;371;developed;developed;ADJ;JJ;True
6;6.1;18;372;and;and;CCONJ;CC;False
6;6.1;19;373;developing;develop;VERB;VBG;True
6;6.1;20;374;countries;country;NOUN;NNS;True
6;6.1;22;375;should;should;AUX;MD;False
6;6.1;23;376;provide;provide;VERB;VB;True
6;6.1;24;377;contributions;contribution;NOUN;NNS;True
6;6.1;25;378;with;with;ADP;IN;False
6;6.1;26;379;unique;unique;ADJ;JJ;True
6;6.1;27;380;expertise;expertise;NOUN;NN;True
6;6.1;29;381;perspectives;perspective;NOUN;NNS;True
6;6.1;31;382;and;and;CCONJ;CC;False
6;6.1;32;383;resources;resource;NOUN;NNS;True
6;6.1;34;384;within;within;ADP;IN;False
6;6.1;35;385;their;their;PRON;PRP$;False
6;6.1;36;386;respective;respective;ADJ;JJ;True
6;6.1;37;387;roles;role;NOUN;NNS;True
6;6.1;38;388;and;and;CCONJ;CC;False
6;6.1;39;389;responsibilities;responsibility;NOUN;NNS;True
6;6.2;41;390;recalling;recall;VERB;VBG;True
6;6.2;42;391;the;the;DET;DT;False
6;6.2;43;392;fundamental;fundamental;ADJ;JJ;True
6;6.2;44;393;and;and;CCONJ;CC;False
6;6.2;45;394;leading;leading;ADJ;JJ;True
6;6.2;46;395;role;role;NOUN;NN;True
6;6.2;47;396;of;of;ADP;IN;False
6;6.2;48;397;governments;government;NOUN;NNS;True
6;6.2;49;398;in;in;ADP;IN;False
6;6.2;50;399;conducting;conduct;VERB;VBG;True
6;6.2;51;400;ai;ai;PROPN;NNP;True
6;6.2;52;401;governance;governance;NOUN;NN;True
6;6.2;54;402;we;we;PRON;PRP;False
6;6.2;55;403;will;will;AUX;MD;False
6;6.2;56;404;closely;closely;ADV;RB;True
6;6.2;57;405;cooperate;cooperate;VERB;VB;True
6;6.2;58;406;with;with;ADP;IN;False
6;6.2;59;407;the;the;DET;DT;False
6;6.2;60;408;private;private;ADJ;JJ;True
6;6.2;61;409;sector;sector;NOUN;NN;True
6;6.2;63;410;civil;civil;ADJ;JJ;True
6;6.2;64;411;society;society;NOUN;NN;True
6;6.2;65;412;organizations;organization;NOUN;NNS;True
6;6.2;67;413;international;international;ADJ;JJ;True
6;6.2;68;414;organizations;organization;NOUN;NNS;True
6;6.2;70;415;the;the;DET;DT;False
6;6.2;71;416;technical;technical;ADJ;JJ;True
6;6.2;72;417;and;and;CCONJ;CC;False
6;6.2;73;418;academic;academic;ADJ;JJ;True
6;6.2;74;419;communities;community;NOUN;NNS;True
6;6.2;76;420;and;and;CCONJ;CC;False
6;6.2;77;421;all;all;DET;DT;False
6;6.2;78;422;other;other;ADJ;JJ;False
6;6.2;79;423;relevant;relevant;ADJ;JJ;True
6;6.2;80;424;stakeholders;stakeholder;NOUN;NNS;True
6;6.2;81;425;towards;towards;ADP;IN;False
6;6.2;82;426;inclusivity;inclusivity;NOUN;NN;True
6;6.2;83;427;and;and;CCONJ;CC;False
6;6.2;84;428;representation;representation;NOUN;NN;True
7;7.0;0;429;digital;digital;PROPN;NNP;True
7;7.0;1;430;sovereignty;sovereignty;PROPN;NNP;True
7;7.0;2;431;and;and;CCONJ;CC;False
7;7.0;3;432;the;the;DET;DT;False
7;7.0;4;433;right;right;NOUN;NN;True
7;7.0;5;434;to;to;ADP;IN;False
7;7.0;6;435;development;development;PROPN;NNP;True
7;7.0;7;436;are;be;AUX;VBP;False
7;7.0;8;437;central;central;ADJ;JJ;True
7;7.0;9;438;to;to;ADP;IN;False
7;7.0;10;439;global;global;PROPN;NNP;True
7;7.0;11;440;ai;ai;PROPN;NNP;True
7;7.0;12;441;governance;governance;PROPN;NNP;True
7;7.1;14;442;we;we;PRON;PRP;False
7;7.1;15;443;firmly;firmly;ADV;RB;True
7;7.1;16;444;support;support;VERB;VBP;True
7;7.1;17;445;the;the;DET;DT;False
7;7.1;18;446;right;right;NOUN;NN;True
7;7.1;19;447;of;of;ADP;IN;False
7;7.1;20;448;all;all;DET;DT;False
7;7.1;21;449;countries;country;NOUN;NNS;True
7;7.1;22;450;to;to;PART;TO;False
7;7.1;23;451;harness;harness;VERB;VB;True
7;7.1;24;452;the;the;DET;DT;False
7;7.1;25;453;benefits;benefit;NOUN;NNS;True
7;7.1;26;454;of;of;ADP;IN;False
7;7.1;27;455;the;the;DET;DT;False
7;7.1;28;456;digital;digital;ADJ;JJ;True
7;7.1;29;457;economy;economy;NOUN;NN;True
7;7.1;30;458;and;and;CCONJ;CC;False
7;7.1;31;459;emerging;emerge;VERB;VBG;True
7;7.1;32;460;technologies;technology;NOUN;NNS;True
7;7.1;34;461;particularly;particularly;ADV;RB;True
7;7.1;35;462;artificial;artificial;PROPN;NNP;True
7;7.1;36;463;intelligence;intelligence;PROPN;NNP;True
7;7.1;38;464;while;while;SCONJ;IN;False
7;7.1;39;465;upholding;uphold;VERB;VBG;True
7;7.1;40;466;fundamental;fundamental;ADJ;JJ;True
7;7.1;41;467;rights;right;NOUN;NNS;True
7;7.1;43;468;to;to;PART;TO;False
7;7.1;44;469;establish;establish;VERB;VB;True
7;7.1;45;470;their;their;PRON;PRP$;False
7;7.1;46;471;own;own;ADJ;JJ;False
7;7.1;47;472;regulatory;regulatory;ADJ;JJ;True
7;7.1;48;473;frameworks;framework;NOUN;NNS;True
7;7.1;49;474;within;within;ADP;IN;False
7;7.1;50;475;their;their;PRON;PRP$;False
7;7.1;51;476;jurisdictions;jurisdiction;NOUN;NNS;True
7;7.1;53;477;to;to;PART;TO;False
7;7.1;54;478;develop;develop;VERB;VB;True
7;7.1;55;479;capacities;capacity;NOUN;NNS;True
7;7.1;56;480;in;in;ADP;IN;False
7;7.1;57;481;ai;ai;PROPN;NNP;True
7;7.1;58;482;research;research;NOUN;NN;True
7;7.1;60;483;foster;foster;ADJ;JJ;True
7;7.1;61;484;technological;technological;ADJ;JJ;True
7;7.1;62;485;autonomy;autonomy;NOUN;NN;True
7;7.1;63;486;and;and;CCONJ;CC;False
7;7.1;64;487;innovation;innovation;NOUN;NN;True
7;7.1;66;488;ensure;ensure;VERB;VB;True
7;7.1;67;489;data;data;NOUN;NN;True
7;7.1;68;490;protection;protection;NOUN;NN;True
7;7.1;70;491;and;and;CCONJ;CC;False
7;7.1;71;492;promote;promote;VERB;VB;True
7;7.1;72;493;their;their;PRON;PRP$;False
7;7.1;73;494;own;own;ADJ;JJ;False
7;7.1;74;495;digital;digital;ADJ;JJ;True
7;7.1;75;496;economy;economy;NOUN;NN;True
7;7.1;77;497;by;by;ADP;IN;False
7;7.1;78;498;enhancing;enhance;VERB;VBG;True
7;7.1;79;499;digital;digital;ADJ;JJ;True
7;7.1;80;500;infrastructure;infrastructure;NOUN;NN;True
7;7.1;82;501;fostering;foster;VERB;VBG;True
7;7.1;83;502;local;local;ADJ;JJ;True
7;7.1;84;503;talent;talent;NOUN;NN;True
7;7.1;86;504;and;and;CCONJ;CC;False
7;7.1;87;505;ensuring;ensure;VERB;VBG;True
7;7.1;88;506;safety;safety;NOUN;NN;True
7;7.1;89;507;and;and;CCONJ;CC;False
7;7.1;90;508;security;security;NOUN;NN;True
7;7.1;91;509;of;of;ADP;IN;False
7;7.1;92;510;their;their;PRON;PRP$;False
7;7.1;93;511;citizens;citizen;NOUN;NNS;True
7;7.1;94;512;from;from;ADP;IN;False
7;7.1;95;513;ai;ai;PROPN;NNP;True
7;7.1;96;514;risks;risk;NOUN;NNS;True
8;8.0;0;515;fair;fair;PROPN;NNP;True
8;8.0;1;516;competition;competition;PROPN;NNP;True
8;8.0;2;517;and;and;CCONJ;CC;False
8;8.0;3;518;market;market;PROPN;NNP;True
8;8.0;4;519;regulation;regulation;PROPN;NNP;True
8;8.0;5;520;are;be;AUX;VBP;False
8;8.0;6;521;at;at;ADP;IN;False
8;8.0;7;522;the;the;DET;DT;False
8;8.0;8;523;heart;heart;PROPN;NNP;True
8;8.0;9;524;of;of;ADP;IN;False
8;8.0;10;525;an;an;DET;DT;False
8;8.0;11;526;equitable;equitable;PROPN;NNP;True
8;8.0;12;527;ai;ai;PROPN;NNP;True
8;8.0;13;528;future;future;NOUN;NN;True
8;8.1;15;529;the;the;DET;DT;False
8;8.1;16;530;digital;digital;ADJ;JJ;True
8;8.1;17;531;economy;economy;NOUN;NN;True
8;8.1;18;532;requires;require;VERB;VBZ;True
8;8.1;19;533;safeguarding;safeguard;VERB;VBG;True
8;8.1;20;534;the;the;DET;DT;False
8;8.1;21;535;rights;right;NOUN;NNS;True
8;8.1;22;536;and;and;CCONJ;CC;False
8;8.1;23;537;obligations;obligation;NOUN;NNS;True
8;8.1;24;538;of;of;ADP;IN;False
8;8.1;25;539;states;states;PROPN;NNP;True
8;8.1;27;540;companies;company;NOUN;NNS;True
8;8.1;29;541;and;and;CCONJ;CC;False
8;8.1;30;542;users;user;NOUN;NNS;True
8;8.1;31;543;under;under;ADP;IN;False
8;8.1;32;544;domestic;domestic;ADJ;JJ;True
8;8.1;33;545;legal;legal;ADJ;JJ;True
8;8.1;34;546;frameworks;framework;NOUN;NNS;True
8;8.1;35;547;and;and;CCONJ;CC;False
8;8.1;36;548;regulations;regulation;NOUN;NNS;True
8;8.1;37;549;and;and;CCONJ;CC;False
8;8.1;38;550;applicable;applicable;ADJ;JJ;True
8;8.1;39;551;international;international;ADJ;JJ;True
8;8.1;40;552;agreements;agreement;NOUN;NNS;True
8;8.1;41;553;to;to;PART;TO;False
8;8.1;42;554;level;level;VERB;VB;True
8;8.1;43;555;the;the;DET;DT;False
8;8.1;44;556;playing;play;VERB;VBG;True
8;8.1;45;557;field;field;NOUN;NN;True
8;8.1;46;558;towards;towards;ADP;IN;False
8;8.1;47;559;innovation;innovation;NOUN;NN;True
8;8.1;48;560;and;and;CCONJ;CC;False
8;8.1;49;561;economic;economic;ADJ;JJ;True
8;8.1;50;562;growth;growth;NOUN;NN;True
8;8.2;52;563;we;we;PRON;PRP;False
8;8.2;53;564;underline;underline;VERB;VBP;True
8;8.2;54;565;the;the;DET;DT;False
8;8.2;55;566;importance;importance;NOUN;NN;True
8;8.2;56;567;of;of;ADP;IN;False
8;8.2;57;568;avoiding;avoid;VERB;VBG;True
8;8.2;58;569;regulatory;regulatory;ADJ;JJ;True
8;8.2;59;570;fragmentation;fragmentation;NOUN;NN;True
8;8.2;60;571;and;and;CCONJ;CC;False
8;8.2;61;572;of;of;ADP;IN;False
8;8.2;62;573;promoting;promote;VERB;VBG;True
8;8.2;63;574;fair;fair;ADJ;JJ;True
8;8.2;64;575;and;and;CCONJ;CC;False
8;8.2;65;576;transparent;transparent;ADJ;JJ;True
8;8.2;66;577;market;market;NOUN;NN;True
8;8.2;67;578;regulations;regulation;NOUN;NNS;True
8;8.2;68;579;that;that;PRON;WDT;False
8;8.2;69;580;encourage;encourage;VERB;VBP;True
8;8.2;70;581;competition;competition;NOUN;NN;True
8;8.2;72;582;enhance;enhance;VERB;VB;True
8;8.2;73;583;competitiveness;competitiveness;NOUN;NN;True
8;8.2;74;584;and;and;CCONJ;CC;False
8;8.2;75;585;avoid;avoid;VERB;VB;True
8;8.2;76;586;distortions;distortion;NOUN;NNS;True
8;8.2;77;587;of;of;ADP;IN;False
8;8.2;78;588;any;any;DET;DT;False
8;8.2;79;589;kind;kind;NOUN;NN;True
8;8.2;81;590;thus;thus;ADV;RB;False
8;8.2;82;591;ensuring;ensure;VERB;VBG;True
8;8.2;83;592;a;a;DET;DT;False
8;8.2;84;593;sustainable;sustainable;ADJ;JJ;True
8;8.2;85;594;and;and;CCONJ;CC;False
8;8.2;86;595;healthy;healthy;ADJ;JJ;True
8;8.2;87;596;market;market;NOUN;NN;True
8;8.2;88;597;environment;environment;NOUN;NN;True
9;9.0;0;598;data;data;PROPN;NNP;True
9;9.0;1;599;governance;governance;PROPN;NNP;True
9;9.0;2;600;is;be;AUX;VBZ;False
9;9.0;3;601;key;key;ADJ;JJ;True
9;9.0;4;602;to;to;ADP;IN;False
9;9.0;5;603;inclusive;inclusive;PROPN;NNP;True
9;9.0;6;604;ai;ai;PROPN;NNP;True
9;9.0;7;605;governance;governance;PROPN;NNP;True
9;9.1;9;606;we;we;PRON;PRP;False
9;9.1;10;607;highlight;highlight;VERB;VBP;True
9;9.1;11;608;that;that;SCONJ;IN;False
9;9.1;12;609;fair;fair;ADJ;JJ;True
9;9.1;14;610;inclusive;inclusive;ADJ;JJ;True
9;9.1;15;611;and;and;CCONJ;CC;False
9;9.1;16;612;equitable;equitable;ADJ;JJ;True
9;9.1;17;613;governance;governance;NOUN;NN;True
9;9.1;18;614;of;of;ADP;IN;False
9;9.1;19;615;data;data;NOUN;NNS;True
9;9.1;20;616;is;be;AUX;VBZ;False
9;9.1;21;617;critical;critical;ADJ;JJ;True
9;9.1;22;618;to;to;PART;TO;False
9;9.1;23;619;enable;enable;VERB;VB;True
9;9.1;24;620;developing;develop;VERB;VBG;True
9;9.1;25;621;countries;country;NOUN;NNS;True
9;9.1;26;622;to;to;PART;TO;False
9;9.1;27;623;harness;harness;VERB;VB;True
9;9.1;28;624;the;the;DET;DT;False
9;9.1;29;625;benefits;benefit;NOUN;NNS;True
9;9.1;30;626;of;of;ADP;IN;False
9;9.1;31;627;the;the;DET;DT;False
9;9.1;32;628;digital;digital;ADJ;JJ;True
9;9.1;33;629;economy;economy;NOUN;NN;True
9;9.1;34;630;and;and;CCONJ;CC;False
9;9.1;35;631;emerging;emerge;VERB;VBG;True
9;9.1;36;632;technologies;technology;NOUN;NNS;True
9;9.1;38;633;including;include;VERB;VBG;True
9;9.1;39;634;artificial;artificial;ADJ;JJ;True
9;9.1;40;635;intelligence;intelligence;NOUN;NN;True
9;9.2;42;636;we;we;PRON;PRP;False
9;9.2;43;637;also;also;ADV;RB;False
9;9.2;44;638;acknowledge;acknowledge;VERB;VBP;True
9;9.2;45;639;the;the;DET;DT;False
9;9.2;46;640;need;need;NOUN;NN;True
9;9.2;47;641;to;to;PART;TO;False
9;9.2;48;642;establish;establish;VERB;VB;True
9;9.2;49;643;data;data;NOUN;NN;True
9;9.2;50;644;governance;governance;NOUN;NN;True
9;9.2;51;645;frameworks;framework;VERB;VBZ;True
9;9.2;53;646;in;in;ADP;IN;False
9;9.2;54;647;accordance;accordance;NOUN;NN;True
9;9.2;55;648;with;with;ADP;IN;False
9;9.2;56;649;our;our;PRON;PRP$;False
9;9.2;57;650;commitments;commitment;NOUN;NNS;True
9;9.2;58;651;under;under;ADP;IN;False
9;9.2;59;652;the;the;DET;DT;False
9;9.2;60;653;brics;brics;PROPN;NNP;True
9;9.2;61;654;data;data;PROPN;NNP;True
9;9.2;62;655;economy;economy;PROPN;NNP;True
9;9.2;63;656;governance;governance;PROPN;NNP;True
9;9.2;64;657;understanding;understanding;PROPN;NNP;True
9;9.2;66;658;to;to;PART;TO;False
9;9.2;67;659;build;build;VERB;VB;True
9;9.2;68;660;trust;trust;NOUN;NN;True
9;9.2;69;661;and;and;CCONJ;CC;False
9;9.2;70;662;to;to;PART;TO;False
9;9.2;71;663;confer;confer;VERB;VB;True
9;9.2;72;664;equitable;equitable;ADJ;JJ;True
9;9.2;74;665;agreed;agree;VERB;VBD;True
9;9.2;75;666;upon;upon;SCONJ;IN;False
9;9.2;77;667;safe;safe;ADJ;JJ;True
9;9.2;79;668;and;and;CCONJ;CC;False
9;9.2;80;669;secure;secure;VERB;VB;True
9;9.2;81;670;access;access;NOUN;NN;True
9;9.2;82;671;to;to;ADP;IN;False
9;9.2;83;672;quality;quality;NOUN;NN;True
9;9.2;84;673;data;data;NOUN;NNS;True
9;9.2;85;674;by;by;ADP;IN;False
9;9.2;86;675;developing;develop;VERB;VBG;True
9;9.2;87;676;countries;country;NOUN;NNS;True
9;9.2;89;677;while;while;SCONJ;IN;False
9;9.2;90;678;respecting;respect;VERB;VBG;True
9;9.2;91;679;applicable;applicable;ADJ;JJ;True
9;9.2;92;680;legal;legal;ADJ;JJ;True
9;9.2;93;681;frameworks;framework;NOUN;NNS;True
9;9.2;94;682;related;relate;VERB;VBN;True
9;9.2;95;683;to;to;ADP;IN;False
9;9.2;96;684;the;the;DET;DT;False
9;9.2;97;685;right;right;NOUN;NN;True
9;9.2;98;686;to;to;ADP;IN;False
9;9.2;99;687;privacy;privacy;NOUN;NN;True
9;9.2;101;688;protection;protection;NOUN;NN;True
9;9.2;102;689;of;of;ADP;IN;False
9;9.2;103;690;personal;personal;ADJ;JJ;True
9;9.2;104;691;data;data;NOUN;NNS;True
9;9.2;106;692;algorithmic;algorithmic;ADJ;JJ;True
9;9.2;107;693;transparency;transparency;NOUN;NN;True
9;9.2;109;694;intellectual;intellectual;ADJ;JJ;True
9;9.2;110;695;property;property;NOUN;NN;True
9;9.2;111;696;rights;right;NOUN;NNS;True
9;9.2;113;697;and;and;CCONJ;CC;False
9;9.2;114;698;national;national;ADJ;JJ;True
9;9.2;115;699;security;security;NOUN;NN;True
10;10.0;0;700;access;access;NOUN;NN;True
10;10.0;1;701;to;to;ADP;IN;False
10;10.0;2;702;ai;ai;PROPN;NNP;True
10;10.0;3;703;technology;technology;PROPN;NNP;True
10;10.0;4;704;should;should;AUX;MD;False
10;10.0;5;705;be;be;AUX;VB;False
10;10.0;6;706;fair;fair;ADJ;JJ;True
10;10.0;8;707;equitable;equitable;PROPN;NNP;True
10;10.0;10;708;enabling;enabling;PROPN;NNP;True
10;10.0;11;709;and;and;CCONJ;CC;False
10;10.0;12;710;inclusive;inclusive;PROPN;NNP;True
10;10.1;14;711;all;all;DET;DT;False
10;10.1;15;712;countries;country;NOUN;NNS;True
10;10.1;17;713;irrespective;irrespective;ADV;RB;True
10;10.1;18;714;of;of;ADP;IN;False
10;10.1;19;715;their;their;PRON;PRP$;False
10;10.1;20;716;stage;stage;NOUN;NN;True
10;10.1;21;717;of;of;ADP;IN;False
10;10.1;22;718;economic;economic;ADJ;JJ;True
10;10.1;23;719;development;development;NOUN;NN;True
10;10.1;25;720;have;have;VERB;VBP;False
10;10.1;26;721;the;the;DET;DT;False
10;10.1;27;722;right;right;NOUN;NN;True
10;10.1;28;723;to;to;PART;TO;False
10;10.1;29;724;benefit;benefit;VERB;VB;True
10;10.1;30;725;from;from;ADP;IN;False
10;10.1;32;726;develop;develop;VERB;VB;True
10;10.1;34;727;and;and;CCONJ;CC;False
10;10.1;35;728;use;use;VERB;VB;True
10;10.1;36;729;ai;ai;PROPN;NNP;True
10;10.2;38;730;we;we;PRON;PRP;False
10;10.2;39;731;underline;underline;VERB;VBP;True
10;10.2;40;732;international;international;ADJ;JJ;True
10;10.2;41;733;cooperation;cooperation;NOUN;NN;True
10;10.2;42;734;to;to;PART;TO;False
10;10.2;43;735;facilitate;facilitate;VERB;VB;True
10;10.2;44;736;access;access;NOUN;NN;True
10;10.2;45;737;to;to;ADP;IN;False
10;10.2;46;738;ai;ai;PROPN;NNP;True
10;10.2;47;739;technology;technology;NOUN;NN;True
10;10.2;48;740;and;and;CCONJ;CC;False
10;10.2;49;741;critical;critical;ADJ;JJ;True
10;10.2;50;742;components;component;NOUN;NNS;True
10;10.2;52;743;to;to;PART;TO;False
10;10.2;53;744;remove;remove;VERB;VB;True
10;10.2;54;745;barriers;barrier;NOUN;NNS;True
10;10.2;55;746;to;to;ADP;IN;False
10;10.2;56;747;financial;financial;ADJ;JJ;True
10;10.2;57;748;resources;resource;NOUN;NNS;True
10;10.2;58;749;required;require;VERB;VBN;True
10;10.2;59;750;for;for;ADP;IN;False
10;10.2;60;751;ai;ai;PROPN;NNP;True
10;10.2;61;752;research;research;NOUN;NN;True
10;10.2;62;753;and;and;CCONJ;CC;False
10;10.2;63;754;innovation;innovation;NOUN;NN;True
10;10.2;65;755;and;and;CCONJ;CC;False
10;10.2;66;756;to;to;PART;TO;False
10;10.2;67;757;develop;develop;VERB;VB;True
10;10.2;68;758;necessary;necessary;ADJ;JJ;True
10;10.2;69;759;knowledge;knowledge;NOUN;NN;True
10;10.2;71;760;skills;skill;NOUN;NNS;True
10;10.2;73;761;and;and;CCONJ;CC;False
10;10.2;74;762;risk;risk;NOUN;NN;True
10;10.2;75;763;management;management;NOUN;NN;True
10;10.2;76;764;frameworks;framework;NOUN;NNS;True
10;10.2;77;765;to;to;PART;TO;False
10;10.2;78;766;effectively;effectively;ADV;RB;True
10;10.2;79;767;leverage;leverage;VERB;VB;True
10;10.2;80;768;ai;ai;PROPN;NNP;True
10;10.2;81;769;technologies;technology;NOUN;NNS;True
10;10.2;83;770;especially;especially;ADV;RB;True
10;10.2;84;771;in;in;ADP;IN;False
10;10.2;85;772;low;low;ADJ;JJ;True
10;10.2;86;773;and;and;CCONJ;CC;False
10;10.2;87;774;middle-income;middle-income;NOUN;NN;True
10;10.2;88;775;countries;country;NOUN;NNS;True
11;11.0;0;776;a;a;DET;DT;False
11;11.0;1;777;balanced;balanced;PROPN;NNP;True
11;11.0;2;778;approach;approach;PROPN;NNP;True
11;11.0;3;779;is;be;AUX;VBZ;False
11;11.0;4;780;needed;need;VERB;VBN;True
11;11.0;5;781;to;to;PART;TO;False
11;11.0;6;782;protect;protect;VERB;VB;True
11;11.0;7;783;intellectual;intellectual;PROPN;NNP;True
11;11.0;8;784;property;property;PROPN;NNP;True
11;11.0;9;785;and;and;CCONJ;CC;False
11;11.0;10;786;safeguard;safeguard;PROPN;NNP;True
11;11.0;11;787;the;the;DET;DT;False
11;11.0;12;788;public;public;PROPN;NNP;True
11;11.0;13;789;interest;interest;PROPN;NNP;True
11;11.1;15;790;we;we;PRON;PRP;False
11;11.1;16;791;need;need;VERB;VBP;True
11;11.1;17;792;a;a;DET;DT;False
11;11.1;18;793;balance;balance;NOUN;NN;True
11;11.1;19;794;between;between;ADP;IN;False
11;11.1;20;795;proprietary;proprietary;ADJ;JJ;True
11;11.1;21;796;rights;right;NOUN;NNS;True
11;11.1;23;797;transparency;transparency;NOUN;NN;True
11;11.1;25;798;and;and;CCONJ;CC;False
11;11.1;26;799;accountability;accountability;NOUN;NN;True
11;11.1;27;800;to;to;PART;TO;False
11;11.1;28;801;safeguard;safeguard;VERB;VB;True
11;11.1;29;802;public;public;ADJ;JJ;True
11;11.1;30;803;interest;interest;NOUN;NN;True
11;11.1;32;804;the;the;DET;DT;False
11;11.1;33;805;international;international;ADJ;JJ;True
11;11.1;34;806;transfer;transfer;NOUN;NN;True
11;11.1;35;807;of;of;ADP;IN;False
11;11.1;36;808;technology;technology;NOUN;NN;True
11;11.1;38;809;and;and;CCONJ;CC;False
11;11.1;39;810;compliance;compliance;NOUN;NN;True
11;11.1;40;811;with;with;ADP;IN;False
11;11.1;41;812;domestic;domestic;ADJ;JJ;True
11;11.1;42;813;legislation;legislation;NOUN;NN;True
11;11.1;43;814;and;and;CCONJ;CC;False
11;11.1;44;815;applicable;applicable;ADJ;JJ;True
11;11.1;45;816;international;international;ADJ;JJ;True
11;11.1;46;817;law;law;NOUN;NN;True
11;11.2;48;818;appropriate;appropriate;ADJ;JJ;True
11;11.2;49;819;protection;protection;NOUN;NN;True
11;11.2;50;820;of;of;ADP;IN;False
11;11.2;51;821;intellectual;intellectual;ADJ;JJ;True
11;11.2;52;822;property;property;NOUN;NN;True
11;11.2;53;823;rights;right;NOUN;NNS;True
11;11.2;54;824;and;and;CCONJ;CC;False
11;11.2;55;825;in;in;ADP;IN;False
11;11.2;56;826;particular;particular;ADJ;JJ;True
11;11.2;57;827;copyright;copyright;NOUN;NN;True
11;11.2;58;828;against;against;ADP;IN;False
11;11.2;59;829;unauthorized;unauthorized;ADJ;JJ;True
11;11.2;60;830;ai;ai;PROPN;NNP;True
11;11.2;61;831;use;use;NOUN;NN;True
11;11.2;62;832;must;must;AUX;MD;False
11;11.2;63;833;be;be;AUX;VB;False
11;11.2;64;834;in;in;ADP;IN;False
11;11.2;65;835;place;place;NOUN;NN;True
11;11.2;66;836;to;to;PART;TO;False
11;11.2;67;837;prevent;prevent;VERB;VB;True
11;11.2;68;838;exploitative;exploitative;ADJ;JJ;True
11;11.2;69;839;data;data;NOUN;NNS;True
11;11.2;70;840;extraction;extraction;NOUN;NN;True
11;11.2;71;841;and;and;CCONJ;CC;False
11;11.2;72;842;violation;violation;NOUN;NN;True
11;11.2;73;843;of;of;ADP;IN;False
11;11.2;74;844;privacy;privacy;NOUN;NN;True
11;11.2;76;845;allowing;allow;VERB;VBG;True
11;11.2;77;846;for;for;ADP;IN;False
11;11.2;78;847;fair;fair;ADJ;JJ;True
11;11.2;79;848;remuneration;remuneration;NOUN;NN;True
11;11.2;80;849;mechanisms;mechanism;NOUN;NNS;True
11;11.3;82;850;safeguards;safeguard;NOUN;NNS;True
11;11.3;83;851;must;must;AUX;MD;False
11;11.3;84;852;ensure;ensure;VERB;VB;True
11;11.3;85;853;accountability;accountability;NOUN;NN;True
11;11.3;86;854;and;and;CCONJ;CC;False
11;11.3;87;855;compliance;compliance;NOUN;NN;True
11;11.3;88;856;with;with;ADP;IN;False
11;11.3;89;857;relevant;relevant;ADJ;JJ;True
11;11.3;90;858;legislation;legislation;NOUN;NN;True
11;11.3;92;859;including;include;VERB;VBG;True
11;11.3;93;860;transparency;transparency;NOUN;NN;True
11;11.3;94;861;over;over;ADP;IN;False
11;11.3;95;862;ai;ai;PROPN;NNP;True
11;11.3;96;863;model;model;NOUN;NN;True
11;11.3;97;864;inputs;input;NOUN;NNS;True
11;11.3;98;865;and;and;CCONJ;CC;False
11;11.3;99;866;outputs;output;NOUN;NNS;True
12;12.0;0;867;ai;ai;PROPN;NNP;True
12;12.0;1;868;should;should;AUX;MD;False
12;12.0;2;869;be;be;AUX;VB;False
12;12.0;3;870;open;open;ADJ;JJ;True
12;12.0;4;871;and;and;CCONJ;CC;False
12;12.0;5;872;promote;promote;PROPN;NNP;True
12;12.0;6;873;innovation;innovation;PROPN;NNP;True
12;12.0;7;874;ecosystems;ecosystems;PROPN;NNPS;True
12;12.1;9;875;we;we;PRON;PRP;False
12;12.1;10;876;encourage;encourage;VERB;VBP;True
12;12.1;11;877;open-source;open-source;NOUN;NN;True
12;12.1;12;878;development;development;NOUN;NN;True
12;12.1;13;879;and;and;CCONJ;CC;False
12;12.1;14;880;international;international;ADJ;JJ;True
12;12.1;15;881;scientific;scientific;ADJ;JJ;True
12;12.1;16;882;and;and;CCONJ;CC;False
12;12.1;17;883;technological;technological;ADJ;JJ;True
12;12.1;18;884;cooperation;cooperation;NOUN;NN;True
12;12.1;20;885;in;in;ADP;IN;False
12;12.1;21;886;line;line;NOUN;NN;True
12;12.1;22;887;with;with;ADP;IN;False
12;12.1;23;888;national;national;ADJ;JJ;True
12;12.1;24;889;policies;policy;NOUN;NNS;True
12;12.1;25;890;and;and;CCONJ;CC;False
12;12.1;26;891;priorities;priority;NOUN;NNS;True
12;12.1;28;892;through;through;ADP;IN;False
12;12.1;29;893;open;open;PROPN;NNP;True
12;12.1;30;894;science;science;PROPN;NNP;True
12;12.1;31;895;and;and;CCONJ;CC;False
12;12.1;32;896;open;open;PROPN;NNP;True
12;12.1;33;897;innovation;innovation;PROPN;NNP;True
12;12.1;34;898;mechanisms;mechanism;NOUN;NNS;True
12;12.1;35;899;as;as;ADP;IN;False
12;12.1;36;900;key;key;ADJ;JJ;True
12;12.1;37;901;enablers;enabler;NOUN;NNS;True
12;12.1;38;902;to;to;ADP;IN;False
12;12.1;39;903;building;build;VERB;VBG;True
12;12.1;40;904;capacities;capacity;NOUN;NNS;True
12;12.1;41;905;in;in;ADP;IN;False
12;12.1;42;906;ai;ai;PROPN;NNP;True
12;12.1;43;907;research;research;NOUN;NN;True
12;12.1;45;908;development;development;NOUN;NN;True
12;12.1;47;909;innovation;innovation;NOUN;NN;True
12;12.1;49;910;data;data;NOUN;NNS;True
12;12.1;50;911;protection;protection;NOUN;NN;True
12;12.1;52;912;data;data;NOUN;NNS;True
12;12.1;53;913;sovereignty;sovereignty;NOUN;NN;True
12;12.1;55;914;and;and;CCONJ;CC;False
12;12.1;56;915;deployment;deployment;NOUN;NN;True
12;12.1;58;916;as;as;ADV;RB;False
12;12.1;59;917;well;well;ADV;RB;False
12;12.1;60;918;as;as;ADP;IN;False
12;12.1;61;919;to;to;PART;TO;False
12;12.1;62;920;allow;allow;VERB;VB;True
12;12.1;63;921;researchers;researcher;NOUN;NNS;True
12;12.1;65;922;developers;developer;NOUN;NNS;True
12;12.1;67;923;and;and;CCONJ;CC;False
12;12.1;68;924;organizations;organization;NOUN;NNS;True
12;12.1;69;925;to;to;PART;TO;False
12;12.1;70;926;scrutinize;scrutinize;VERB;VB;True
12;12.1;72;927;audit;audit;NOUN;NN;True
12;12.1;74;928;and;and;CCONJ;CC;False
12;12.1;75;929;contribute;contribute;VERB;VB;True
12;12.1;76;930;to;to;ADP;IN;False
12;12.1;77;931;safe;safe;ADJ;JJ;True
12;12.1;79;932;secure;secure;ADJ;JJ;True
12;12.1;81;933;trusted;trust;VERB;VBN;True
12;12.1;83;934;and;and;CCONJ;CC;False
12;12.1;84;935;transparent;transparent;ADJ;JJ;True
12;12.1;85;936;ai;ai;PROPN;NNP;True
12;12.1;86;937;systems;system;NOUN;NNS;True
12;12.2;88;938;we;we;PRON;PRP;False
12;12.2;89;939;should;should;AUX;MD;False
12;12.2;90;940;ensure;ensure;VERB;VB;True
12;12.2;91;941;meaningful;meaningful;ADJ;JJ;True
12;12.2;92;942;participation;participation;NOUN;NN;True
12;12.2;93;943;and;and;CCONJ;CC;False
12;12.2;94;944;foster;foster;ADJ;JJ;True
12;12.2;95;945;inclusive;inclusive;ADJ;JJ;True
12;12.2;96;946;collaborative;collaborative;NOUN;NN;True
12;12.2;97;947;approaches;approach;NOUN;NNS;True
12;12.2;98;948;to;to;PART;TO;False
12;12.2;99;949;avoid;avoid;VERB;VB;True
12;12.2;100;950;barriers;barrier;NOUN;NNS;True
12;12.2;101;951;to;to;ADP;IN;False
12;12.2;102;952;global;global;ADJ;JJ;True
12;12.2;103;953;ai;ai;PROPN;NNP;True
12;12.2;104;954;development;development;NOUN;NN;True
12;12.2;105;955;and;and;CCONJ;CC;False
12;12.2;106;956;supply;supply;NOUN;NN;True
12;12.2;107;957;chains;chain;NOUN;NNS;True
12;12.3;109;958;we;we;PRON;PRP;False
12;12.3;110;959;encourage;encourage;VERB;VBP;True
12;12.3;111;960;the;the;DET;DT;False
12;12.3;112;961;development;development;NOUN;NN;True
12;12.3;113;962;of;of;ADP;IN;False
12;12.3;114;963;resource-efficient;resource-efficient;ADJ;JJ;True
12;12.3;116;964;specialized;specialized;ADJ;JJ;True
12;12.3;118;965;and;and;CCONJ;CC;False
12;12.3;119;966;open;open;VERB;VB;True
12;12.3;120;967;foundational;foundational;ADJ;JJ;True
12;12.3;121;968;models;model;NOUN;NNS;True
12;12.3;122;969;to;to;PART;TO;False
12;12.3;123;970;promote;promote;VERB;VB;True
12;12.3;124;971;the;the;DET;DT;False
12;12.3;125;972;growth;growth;NOUN;NN;True
12;12.3;126;973;of;of;ADP;IN;False
12;12.3;127;974;innovation;innovation;NOUN;NN;True
12;12.3;128;975;ecosystems;ecosystem;NOUN;NNS;True
12;12.3;129;976;in;in;ADP;IN;False
12;12.3;130;977;ai;ai;PROPN;NNP;True
13;13.0;0;978;international;international;PROPN;NNP;True
13;13.0;1;979;standards;standards;PROPN;NNPS;True
13;13.0;2;980;should;should;AUX;MD;False
13;13.0;3;981;lead;lead;VERB;VB;True
13;13.0;4;982;to;to;ADP;IN;False
13;13.0;5;983;inclusive;inclusive;PROPN;NNP;True
13;13.0;7;984;representative;representative;PROPN;NNP;True
13;13.0;8;985;and;and;CCONJ;CC;False
13;13.0;9;986;accessible;accessible;ADJ;JJ;True
13;13.0;10;987;ai;ai;PROPN;NNP;True
13;13.1;12;988;the;the;DET;DT;False
13;13.1;13;989;development;development;NOUN;NN;True
13;13.1;14;990;of;of;ADP;IN;False
13;13.1;15;991;technical;technical;ADJ;JJ;True
13;13.1;16;992;standards;standard;NOUN;NNS;True
13;13.1;18;993;specifications;specification;NOUN;NNS;True
13;13.1;20;994;and;and;CCONJ;CC;False
13;13.1;21;995;protocols;protocol;NOUN;NNS;True
13;13.1;22;996;for;for;ADP;IN;False
13;13.1;23;997;ai;ai;PROPN;NNP;True
13;13.1;24;998;systems;system;NOUN;NNS;True
13;13.1;25;999;must;must;AUX;MD;False
13;13.1;26;1000;involve;involve;VERB;VB;True
13;13.1;27;1001;the;the;DET;DT;False
13;13.1;28;1002;public;public;ADJ;JJ;True
13;13.1;29;1003;sector;sector;NOUN;NN;True
13;13.1;31;1004;standards;standard;NOUN;NNS;True
13;13.1;32;1005;development;development;NOUN;NN;True
13;13.1;33;1006;organizations;organization;NOUN;NNS;True
13;13.1;35;1007;and;and;CCONJ;CC;False
13;13.1;36;1008;specialized;specialized;ADJ;JJ;True
13;13.1;37;1009;un;un;PROPN;NNP;True
13;13.1;38;1010;agencies;agency;NOUN;NNS;True
13;13.1;39;1011;to;to;PART;TO;False
13;13.1;40;1012;ensure;ensure;VERB;VB;True
13;13.1;41;1013;trust;trust;NOUN;NN;True
13;13.1;43;1014;interoperability;interoperability;NOUN;NN;True
13;13.1;45;1015;safety;safety;NOUN;NN;True
13;13.1;47;1016;and;and;CCONJ;CC;False
13;13.1;48;1017;reliability;reliability;NOUN;NN;True
13;13.1;49;1018;of;of;ADP;IN;False
13;13.1;50;1019;ai;ai;PROPN;NNP;True
13;13.1;51;1020;technologies;technology;NOUN;NNS;True
13;13.1;52;1021;across;across;ADP;IN;False
13;13.1;53;1022;the;the;DET;DT;False
13;13.1;54;1023;development;development;NOUN;NN;True
13;13.1;55;1024;process;process;NOUN;NN;True
13;13.1;56;1025;and;and;CCONJ;CC;False
13;13.1;57;1026;different;different;ADJ;JJ;True
13;13.1;58;1027;platforms;platform;NOUN;NNS;True
13;13.1;59;1028;and;and;CCONJ;CC;False
13;13.1;60;1029;applications;application;NOUN;NNS;True
13;13.2;62;1030;we;we;PRON;PRP;False
13;13.2;63;1031;must;must;AUX;MD;False
13;13.2;64;1032;avoid;avoid;VERB;VB;True
13;13.2;65;1033;standard;standard;ADJ;JJ;True
13;13.2;66;1034;setting;setting;NOUN;NN;True
13;13.2;67;1035;processes;process;NOUN;NNS;True
13;13.2;68;1036;being;be;AUX;VBG;False
13;13.2;69;1037;used;use;VERB;VBN;True
13;13.2;70;1038;as;as;ADP;IN;False
13;13.2;71;1039;barriers;barrier;NOUN;NNS;True
13;13.2;72;1040;to;to;ADP;IN;False
13;13.2;73;1041;market;market;NOUN;NN;True
13;13.2;74;1042;entry;entry;NOUN;NN;True
13;13.2;75;1043;for;for;ADP;IN;False
13;13.2;76;1044;smaller;small;ADJ;JJR;True
13;13.2;77;1045;companies;company;NOUN;NNS;True
13;13.2;78;1046;and;and;CCONJ;CC;False
13;13.2;79;1047;developing;develop;VERB;VBG;True
13;13.2;80;1048;economies;economy;NOUN;NNS;True
14;14.0;0;1049;ai;ai;PROPN;NNP;True
14;14.0;1;1050;must;must;AUX;MD;False
14;14.0;2;1051;be;be;AUX;VB;False
14;14.0;3;1052;available;available;ADJ;JJ;True
14;14.0;4;1053;to;to;ADP;IN;False
14;14.0;5;1054;all;all;PRON;DT;False
14;14.1;7;1055;robust;robust;ADJ;JJ;True
14;14.1;8;1056;infrastructure;infrastructure;NOUN;NN;True
14;14.1;10;1057;meaningful;meaningful;ADJ;JJ;True
14;14.1;11;1058;connectivity;connectivity;NOUN;NN;True
14;14.1;13;1059;and;and;CCONJ;CC;False
14;14.1;14;1060;digital;digital;ADJ;JJ;True
14;14.1;15;1061;inclusion;inclusion;NOUN;NN;True
14;14.1;16;1062;are;be;AUX;VBP;False
14;14.1;17;1063;prerequisites;prerequisite;NOUN;NNS;True
14;14.1;18;1064;for;for;ADP;IN;False
14;14.1;19;1065;the;the;DET;DT;False
14;14.1;20;1066;deployment;deployment;NOUN;NN;True
14;14.1;21;1067;of;of;ADP;IN;False
14;14.1;22;1068;ai;ai;PROPN;NNP;True
14;14.1;23;1069;in;in;ADP;IN;False
14;14.1;24;1070;any;any;DET;DT;False
14;14.1;25;1071;country;country;NOUN;NN;True
14;14.2;27;1072;digital;digital;ADJ;JJ;True
14;14.2;28;1073;government;government;NOUN;NN;True
14;14.2;29;1074;services;service;NOUN;NNS;True
14;14.2;31;1075;including;include;VERB;VBG;True
14;14.2;32;1076;those;those;PRON;DT;False
14;14.2;33;1077;based;base;VERB;VBN;True
14;14.2;34;1078;on;on;ADP;IN;False
14;14.2;35;1079;digital;digital;ADJ;JJ;True
14;14.2;36;1080;public;public;ADJ;JJ;True
14;14.2;37;1081;infrastructure;infrastructure;NOUN;NN;True
14;14.2;39;1082;may;may;AUX;MD;False
14;14.2;40;1083;act;act;VERB;VB;True
14;14.2;41;1084;as;as;ADP;IN;False
14;14.2;42;1085;catalysts;catalyst;NOUN;NNS;True
14;14.2;43;1086;to;to;ADP;IN;False
14;14.2;44;1087;inclusion;inclusion;NOUN;NN;True
14;14.2;45;1088;in;in;ADP;IN;False
14;14.2;46;1089;the;the;DET;DT;False
14;14.2;47;1090;digital;digital;ADJ;JJ;True
14;14.2;48;1091;economy;economy;NOUN;NN;True
14;14.2;49;1092;and;and;CCONJ;CC;False
14;14.2;50;1093;access;access;NOUN;NN;True
14;14.2;51;1094;to;to;ADP;IN;False
14;14.2;52;1095;citizen;citizen;NOUN;NN;True
14;14.2;54;1096;rights;right;NOUN;NNS;True
14;14.2;55;1097;and;and;CCONJ;CC;False
14;14.2;56;1098;benefits;benefit;NOUN;NNS;True
14;14.3;58;1099;prevalent;prevalent;ADJ;JJ;True
14;14.3;59;1100;asymmetries;asymmetry;NOUN;NNS;True
14;14.3;60;1101;in;in;ADP;IN;False
14;14.3;61;1102;capacities;capacity;NOUN;NNS;True
14;14.3;62;1103;and;and;CCONJ;CC;False
14;14.3;63;1104;infrastructure;infrastructure;NOUN;NN;True
14;14.3;64;1105;should;should;AUX;MD;False
14;14.3;65;1106;be;be;AUX;VB;False
14;14.3;66;1107;addressed;address;VERB;VBN;True
14;14.3;67;1108;by;by;ADP;IN;False
14;14.3;68;1109;domestic;domestic;ADJ;JJ;True
14;14.3;69;1110;measures;measure;NOUN;NNS;True
14;14.3;71;1111;including;include;VERB;VBG;True
14;14.3;72;1112;multilateral;multilateral;ADJ;JJ;True
14;14.3;73;1113;development;development;NOUN;NN;True
14;14.3;74;1114;banks;bank;NOUN;NNS;True
14;14.3;76;1115;mdbs;mdb;NOUN;NNS;True
14;14.3;79;1116;to;to;PART;TO;False
14;14.3;80;1117;advance;advance;VERB;VB;True
14;14.3;81;1118;local;local;ADJ;JJ;True
14;14.3;82;1119;adoption;adoption;NOUN;NN;True
14;14.3;83;1120;and;and;CCONJ;CC;False
14;14.3;84;1121;development;development;NOUN;NN;True
14;14.3;85;1122;of;of;ADP;IN;False
14;14.3;86;1123;ai;ai;PROPN;NNP;True
14;14.3;87;1124;in;in;ADP;IN;False
14;14.3;88;1125;emdcs;emdc;NOUN;NNS;True
15;15.0;0;1126;ai;ai;PROPN;NNP;True
15;15.0;1;1127;can;can;AUX;MD;False
15;15.0;2;1128;lead;lead;VERB;VB;True
15;15.0;3;1129;to;to;ADP;IN;False
15;15.0;4;1130;collaborative;collaborative;PROPN;NNP;True
15;15.0;5;1131;sustainable;sustainable;PROPN;NNP;True
15;15.0;6;1132;development;development;PROPN;NNP;True
15;15.1;8;1133;we;we;PRON;PRP;False
15;15.1;9;1134;seek;seek;VERB;VBP;True
15;15.1;10;1135;to;to;PART;TO;False
15;15.1;11;1136;support;support;VERB;VB;True
15;15.1;12;1137;ai;ai;PROPN;NNP;True
15;15.1;13;1138;applications;application;NOUN;NNS;True
15;15.1;15;1139;including;include;VERB;VBG;True
15;15.1;16;1140;through;through;ADP;IN;False
15;15.1;17;1141;open;open;ADJ;JJ;True
15;15.1;18;1142;source;source;NOUN;NN;True
15;15.1;20;1143;that;that;PRON;DT;False
15;15.1;21;1144;address;address;VERB;VBP;True
15;15.1;22;1145;critical;critical;ADJ;JJ;True
15;15.1;23;1146;development;development;NOUN;NN;True
15;15.1;24;1147;challenges;challenge;NOUN;NNS;True
15;15.1;25;1148;in;in;ADP;IN;False
15;15.1;26;1149;sectors;sector;NOUN;NNS;True
15;15.1;27;1150;such;such;ADJ;JJ;False
15;15.1;28;1151;as;as;ADP;IN;False
15;15.1;29;1152;healthcare;healthcare;NOUN;NN;True
15;15.1;31;1153;education;education;NOUN;NN;True
15;15.1;33;1154;security;security;NOUN;NN;True
15;15.1;35;1155;transport;transport;NOUN;NN;True
15;15.1;37;1156;energy;energy;NOUN;NN;True
15;15.1;39;1157;agriculture;agriculture;NOUN;NN;True
15;15.1;41;1158;environment;environment;NOUN;NN;True
15;15.1;43;1159;water;water;NOUN;NN;True
15;15.1;44;1160;resources;resource;NOUN;NNS;True
15;15.1;46;1161;and;and;CCONJ;CC;False
15;15.1;47;1162;waste;waste;NOUN;NN;True
15;15.1;48;1163;management;management;NOUN;NN;True
15;15.1;50;1164;in;in;ADP;IN;False
15;15.1;51;1165;accordance;accordance;NOUN;NN;True
15;15.1;52;1166;with;with;ADP;IN;False
15;15.1;53;1167;national;national;ADJ;JJ;True
15;15.1;54;1168;laws;law;NOUN;NNS;True
15;15.1;55;1169;and;and;CCONJ;CC;False
15;15.1;56;1170;priorities;priority;NOUN;NNS;True
15;15.2;58;1171;the;the;DET;DT;False
15;15.2;59;1172;benefits;benefit;NOUN;NNS;True
15;15.2;60;1173;of;of;ADP;IN;False
15;15.2;61;1174;ai;ai;PROPN;NNP;True
15;15.2;62;1175;for;for;ADP;IN;False
15;15.2;63;1176;sustainable;sustainable;ADJ;JJ;True
15;15.2;64;1177;development;development;NOUN;NN;True
15;15.2;65;1178;should;should;AUX;MD;False
15;15.2;66;1179;be;be;AUX;VB;False
15;15.2;67;1180;continuously;continuously;ADV;RB;True
15;15.2;68;1181;promoted;promote;VERB;VBN;True
15;15.3;70;1182;we;we;PRON;PRP;False
15;15.3;71;1183;will;will;AUX;MD;False
15;15.3;72;1184;focus;focus;VERB;VB;True
15;15.3;73;1185;on;on;ADP;IN;False
15;15.3;74;1186;research;research;NOUN;NN;True
15;15.3;76;1187;development;development;NOUN;NN;True
15;15.3;78;1188;and;and;CCONJ;CC;False
15;15.3;79;1189;innovation;innovation;NOUN;NN;True
15;15.3;80;1190;initiatives;initiative;NOUN;NNS;True
15;15.3;81;1191;that;that;PRON;WDT;False
15;15.3;82;1192;foster;foster;VERB;VBP;True
15;15.3;83;1193;and;and;CCONJ;CC;False
15;15.3;84;1194;empower;empower;VERB;VB;True
15;15.3;85;1195;local;local;ADJ;JJ;True
15;15.3;86;1196;technological;technological;ADJ;JJ;True
15;15.3;87;1197;capacities;capacity;NOUN;NNS;True
15;15.3;88;1198;and;and;CCONJ;CC;False
15;15.3;89;1199;aspirations;aspiration;NOUN;NNS;True
15;15.3;90;1200;and;and;CCONJ;CC;False
15;15.3;91;1201;bridge;bridge;NOUN;NN;True
15;15.3;92;1202;technological;technological;ADJ;JJ;True
15;15.3;93;1203;gaps;gap;NOUN;NNS;True
15;15.3;94;1204;between;between;ADP;IN;False
15;15.3;95;1205;developed;developed;ADJ;JJ;True
15;15.3;96;1206;and;and;CCONJ;CC;False
15;15.3;97;1207;developing;develop;VERB;VBG;True
15;15.3;98;1208;countries;country;NOUN;NNS;True
16;16.0;0;1209;environmental;environmental;PROPN;NNP;True
16;16.0;1;1210;sustainability;sustainability;PROPN;NNP;True
16;16.0;2;1211;is;be;AUX;VBZ;False
16;16.0;3;1212;a;a;DET;DT;False
16;16.0;4;1213;prerequisite;prerequisite;PROPN;NNP;True
16;16.1;6;1214;ai;ai;PROPN;NNP;True
16;16.1;7;1215;should;should;AUX;MD;False
16;16.1;8;1216;be;be;AUX;VB;False
16;16.1;9;1217;used;use;VERB;VBN;True
16;16.1;10;1218;to;to;PART;TO;False
16;16.1;11;1219;mitigate;mitigate;VERB;VB;True
16;16.1;12;1220;emissions;emission;NOUN;NNS;True
16;16.1;14;1221;adapt;adapt;VERB;VBP;True
16;16.1;15;1222;to;to;ADP;IN;False
16;16.1;16;1223;climate;climate;NOUN;NN;True
16;16.1;17;1224;change;change;NOUN;NN;True
16;16.1;19;1225;enhance;enhance;VERB;VB;True
16;16.1;20;1226;environmental;environmental;ADJ;JJ;True
16;16.1;21;1227;conservation;conservation;NOUN;NN;True
16;16.1;22;1228;efforts;effort;NOUN;NNS;True
16;16.1;24;1229;promote;promote;VERB;VB;True
16;16.1;25;1230;sustainable;sustainable;ADJ;JJ;True
16;16.1;26;1231;resource;resource;NOUN;NN;True
16;16.1;27;1232;management;management;NOUN;NN;True
16;16.1;28;1233;and;and;CCONJ;CC;False
16;16.1;29;1234;optimization;optimization;NOUN;NN;True
16;16.1;31;1235;maintain;maintain;VERB;VBP;True
16;16.1;32;1236;ecological;ecological;ADJ;JJ;True
16;16.1;33;1237;balance;balance;NOUN;NN;True
16;16.1;35;1238;and;and;CCONJ;CC;False
16;16.1;36;1239;contribute;contribute;VERB;VB;True
16;16.1;37;1240;to;to;ADP;IN;False
16;16.1;38;1241;the;the;DET;DT;False
16;16.1;39;1242;evolution;evolution;NOUN;NN;True
16;16.1;40;1243;of;of;ADP;IN;False
16;16.1;41;1244;the;the;DET;DT;False
16;16.1;42;1245;social;social;ADJ;JJ;True
16;16.1;43;1246;and;and;CCONJ;CC;False
16;16.1;44;1247;economic;economic;ADJ;JJ;True
16;16.1;45;1248;pillars;pillar;NOUN;NNS;True
16;16.1;46;1249;of;of;ADP;IN;False
16;16.1;47;1250;sustainable;sustainable;ADJ;JJ;True
16;16.1;48;1251;development;development;NOUN;NN;True
16;16.1;50;1252;in;in;ADP;IN;False
16;16.1;51;1253;line;line;NOUN;NN;True
16;16.1;52;1254;with;with;ADP;IN;False
16;16.1;53;1255;national;national;ADJ;JJ;True
16;16.1;54;1256;priorities;priority;NOUN;NNS;True
16;16.2;56;1257;ai;ai;PROPN;NNP;True
16;16.2;57;1258;development;development;NOUN;NN;True
16;16.2;58;1259;and;and;CCONJ;CC;False
16;16.2;59;1260;deployment;deployment;NOUN;NN;True
16;16.2;60;1261;should;should;AUX;MD;False
16;16.2;61;1262;be;be;AUX;VB;False
16;16.2;62;1263;sustainable;sustainable;ADJ;JJ;True
16;16.2;63;1264;and;and;CCONJ;CC;False
16;16.2;64;1265;should;should;AUX;MD;False
16;16.2;65;1266;minimize;minimize;VERB;VB;True
16;16.2;66;1267;their;their;PRON;PRP$;False
16;16.2;67;1268;own;own;ADJ;JJ;False
16;16.2;68;1269;environmental;environmental;ADJ;JJ;True
16;16.2;69;1270;impact;impact;NOUN;NN;True
16;16.2;71;1271;addressing;address;VERB;VBG;True
16;16.2;72;1272;aspects;aspect;NOUN;NNS;True
16;16.2;73;1273;such;such;ADJ;JJ;False
16;16.2;74;1274;as;as;ADP;IN;False
16;16.2;75;1275;greenhouse;greenhouse;NOUN;NN;True
16;16.2;76;1276;gas;gas;NOUN;NN;True
16;16.2;77;1277;emissions;emission;NOUN;NNS;True
16;16.2;79;1278;energy;energy;NOUN;NN;True
16;16.2;80;1279;and;and;CCONJ;CC;False
16;16.2;81;1280;water;water;NOUN;NN;True
16;16.2;82;1281;consumption;consumption;NOUN;NN;True
16;16.2;84;1282;use;use;NOUN;NN;True
16;16.2;85;1283;of;of;ADP;IN;False
16;16.2;86;1284;materials;material;NOUN;NNS;True
16;16.2;88;1285;and;and;CCONJ;CC;False
16;16.2;89;1286;electronic;electronic;ADJ;JJ;True
16;16.2;90;1287;waste;waste;NOUN;NN;True
16;16.3;92;1288;the;the;DET;DT;False
16;16.3;93;1289;windows;window;NOUN;NNS;True
16;16.3;94;1290;of;of;ADP;IN;False
16;16.3;95;1291;opportunities;opportunity;NOUN;NNS;True
16;16.3;96;1292;opened;open;VERB;VBN;True
16;16.3;97;1293;by;by;ADP;IN;False
16;16.3;98;1294;the;the;DET;DT;False
16;16.3;99;1295;transition;transition;NOUN;NN;True
16;16.3;100;1296;to;to;ADP;IN;False
16;16.3;101;1297;a;a;DET;DT;False
16;16.3;102;1298;low;low;ADJ;JJ;True
16;16.3;103;1299;carbon;carbon;NOUN;NN;True
16;16.3;104;1300;emissions;emission;NOUN;NNS;True
16;16.3;105;1301;economy;economy;NOUN;NN;True
16;16.3;106;1302;should;should;AUX;MD;False
16;16.3;107;1303;allow;allow;VERB;VB;True
16;16.3;108;1304;developing;develop;VERB;VBG;True
16;16.3;109;1305;countries;country;NOUN;NNS;True
16;16.3;110;1306;to;to;PART;TO;False
16;16.3;111;1307;harness;harness;VERB;VB;True
16;16.3;112;1308;the;the;DET;DT;False
16;16.3;113;1309;momentum;momentum;NOUN;NN;True
16;16.3;114;1310;and;and;CCONJ;CC;False
16;16.3;115;1311;to;to;PART;TO;False
16;16.3;116;1312;lead;lead;VERB;VB;True
16;16.3;117;1313;through;through;ADP;IN;False
16;16.3;118;1314;technological;technological;ADJ;JJ;True
16;16.3;119;1315;advancements;advancement;NOUN;NNS;True
16;16.3;120;1316;in;in;ADP;IN;False
16;16.3;121;1317;ai;ai;PROPN;NNP;True
17;17.0;0;1318;ai;ai;PROPN;NNP;True
17;17.0;1;1319;must;must;AUX;MD;False
17;17.0;2;1320;ensure;ensure;VERB;VB;True
17;17.0;3;1321;decent;decent;PROPN;NNP;True
17;17.0;4;1322;work;work;PROPN;NNP;True
17;17.0;5;1323;and;and;CCONJ;CC;False
17;17.0;6;1324;enhanced;enhanced;PROPN;NNP;True
17;17.0;7;1325;productivity;productivity;PROPN;NNP;True
17;17.1;9;1326;ai;ai;PROPN;NNP;True
17;17.1;10;1327;systems;system;NOUN;NNS;True
17;17.1;11;1328;have;have;VERB;VBP;False
17;17.1;12;1329;the;the;DET;DT;False
17;17.1;13;1330;potential;potential;NOUN;NN;True
17;17.1;14;1331;to;to;PART;TO;False
17;17.1;15;1332;enhance;enhance;VERB;VB;True
17;17.1;16;1333;productivity;productivity;NOUN;NN;True
17;17.1;18;1334;stimulate;stimulate;VERB;VBP;True
17;17.1;19;1335;innovation;innovation;NOUN;NN;True
17;17.1;21;1336;and;and;CCONJ;CC;False
17;17.1;22;1337;create;create;VERB;VB;True
17;17.1;23;1338;job;job;NOUN;NN;True
17;17.1;24;1339;opportunities;opportunity;NOUN;NNS;True
17;17.1;26;1340;but;but;CCONJ;CC;False
17;17.1;27;1341;they;they;PRON;PRP;False
17;17.1;28;1342;also;also;ADV;RB;False
17;17.1;29;1343;pose;pose;VERB;VBP;True
17;17.1;30;1344;challenges;challenge;NOUN;NNS;True
17;17.1;32;1345;concerns;concern;NOUN;NNS;True
17;17.1;34;1346;and;and;CCONJ;CC;False
17;17.1;35;1347;risks;risk;NOUN;NNS;True
17;17.1;36;1348;over;over;ADP;IN;False
17;17.1;37;1349;working;working;NOUN;NN;True
17;17.1;38;1350;conditions;condition;NOUN;NNS;True
17;17.1;40;1351;work;work;NOUN;NN;True
17;17.1;41;1352;intensity;intensity;NOUN;NN;True
17;17.1;43;1353;job;job;NOUN;NN;True
17;17.1;44;1354;displacement;displacement;NOUN;NN;True
17;17.1;46;1355;and;and;CCONJ;CC;False
17;17.1;47;1356;threats;threat;NOUN;NNS;True
17;17.1;48;1357;to;to;ADP;IN;False
17;17.1;49;1358;employment;employment;NOUN;NN;True
17;17.1;50;1359;and;and;CCONJ;CC;False
17;17.1;51;1360;workers;worker;NOUN;NNS;True
17;17.1;53;1361;dignity;dignity;NOUN;NN;True
17;17.2;55;1362;it;it;PRON;PRP;False
17;17.2;56;1363;is;be;AUX;VBZ;False
17;17.2;57;1364;imperative;imperative;ADJ;JJ;True
17;17.2;58;1365;to;to;PART;TO;False
17;17.2;59;1366;safeguard;safeguard;VERB;VB;True
17;17.2;60;1367;the;the;DET;DT;False
17;17.2;61;1368;rights;right;NOUN;NNS;True
17;17.2;62;1369;and;and;CCONJ;CC;False
17;17.2;63;1370;wellbeing;wellbeing;NOUN;NN;True
17;17.2;64;1371;of;of;ADP;IN;False
17;17.2;65;1372;all;all;DET;DT;False
17;17.2;66;1373;workers;worker;NOUN;NNS;True
17;17.2;68;1374;particularly;particularly;ADV;RB;True
17;17.2;69;1375;those;those;PRON;DT;False
17;17.2;70;1376;directly;directly;ADV;RB;True
17;17.2;71;1377;affected;affect;VERB;VBN;True
17;17.2;72;1378;by;by;ADP;IN;False
17;17.2;73;1379;the;the;DET;DT;False
17;17.2;74;1380;digital;digital;ADJ;JJ;True
17;17.2;75;1381;transformation;transformation;NOUN;NN;True
17;17.2;77;1382;considering;consider;VERB;VBG;True
17;17.2;78;1383;the;the;DET;DT;False
17;17.2;79;1384;rapid;rapid;ADJ;JJ;True
17;17.2;80;1385;growth;growth;NOUN;NN;True
17;17.2;81;1386;of;of;ADP;IN;False
17;17.2;82;1387;digital;digital;ADJ;JJ;True
17;17.2;83;1388;platforms;platform;NOUN;NNS;True
17;17.2;84;1389;and;and;CCONJ;CC;False
17;17.2;85;1390;the;the;DET;DT;False
17;17.2;86;1391;increasing;increase;VERB;VBG;True
17;17.2;87;1392;structural;structural;ADJ;JJ;True
17;17.2;88;1393;impact;impact;NOUN;NN;True
17;17.2;89;1394;of;of;ADP;IN;False
17;17.2;90;1395;ai;ai;PROPN;NNP;True
17;17.2;92;1396;including;include;VERB;VBG;True
17;17.2;93;1397;generative;generative;ADJ;JJ;True
17;17.2;94;1398;ai;ai;PROPN;NNP;True
17;17.2;96;1399;on;on;ADP;IN;False
17;17.2;97;1400;the;the;DET;DT;False
17;17.2;98;1401;job;job;NOUN;NN;True
17;17.2;99;1402;market;market;NOUN;NN;True
17;17.3;101;1403;it;it;PRON;PRP;False
17;17.3;102;1404;is;be;AUX;VBZ;False
17;17.3;103;1405;also;also;ADV;RB;False
17;17.3;104;1406;paramount;paramount;ADJ;JJ;True
17;17.3;105;1407;to;to;PART;TO;False
17;17.3;106;1408;ensure;ensure;VERB;VB;True
17;17.3;107;1409;that;that;SCONJ;IN;False
17;17.3;108;1410;the;the;DET;DT;False
17;17.3;109;1411;design;design;NOUN;NN;True
17;17.3;111;1412;deployment;deployment;NOUN;NN;True
17;17.3;113;1413;and;and;CCONJ;CC;False
17;17.3;114;1414;use;use;NOUN;NN;True
17;17.3;115;1415;of;of;ADP;IN;False
17;17.3;116;1416;ai;ai;PROPN;NNP;True
17;17.3;117;1417;take;take;VERB;VB;False
17;17.3;118;1418;into;into;ADP;IN;False
17;17.3;119;1419;consideration;consideration;NOUN;NN;True
17;17.3;120;1420;adaptability;adaptability;NOUN;NN;True
17;17.3;121;1421;and;and;CCONJ;CC;False
17;17.3;122;1422;compatibility;compatibility;NOUN;NN;True
17;17.3;123;1423;in;in;ADP;IN;False
17;17.3;124;1424;terms;term;NOUN;NNS;True
17;17.3;125;1425;of;of;ADP;IN;False
17;17.3;126;1426;human;human;ADJ;JJ;True
17;17.3;127;1427;resource;resource;NOUN;NN;True
17;17.3;128;1428;capabilities;capability;NOUN;NNS;True
17;17.3;129;1429;and;and;CCONJ;CC;False
17;17.3;130;1430;utilize;utilize;VERB;VB;True
17;17.3;131;1431;the;the;DET;DT;False
17;17.3;132;1432;advantages;advantage;NOUN;NNS;True
17;17.3;133;1433;of;of;ADP;IN;False
17;17.3;134;1434;technology;technology;NOUN;NN;True
17;17.3;136;1435;such;such;ADJ;JJ;False
17;17.3;137;1436;as;as;ADP;IN;False
17;17.3;138;1437;ai;ai;PROPN;NNP;True
17;17.3;140;1438;to;to;PART;TO;False
17;17.3;141;1439;promote;promote;VERB;VB;True
17;17.3;142;1440;decent;decent;ADJ;JJ;True
17;17.3;143;1441;work;work;NOUN;NN;True
17;17.3;144;1442;and;and;CCONJ;CC;False
17;17.3;145;1443;full;full;ADJ;JJ;False
17;17.3;146;1444;and;and;CCONJ;CC;False
17;17.3;147;1445;productive;productive;ADJ;JJ;True
17;17.3;148;1446;employment;employment;NOUN;NN;True
18;18.0;0;1447;ai;ai;PROPN;NNP;True
18;18.0;1;1448;should;should;AUX;MD;False
18;18.0;2;1449;be;be;AUX;VB;False
18;18.0;3;1450;a;a;DET;DT;False
18;18.0;4;1451;tool;tool;PROPN;NNP;True
18;18.0;5;1452;to;to;PART;TO;False
18;18.0;6;1453;transform;transform;VERB;VB;True
18;18.0;7;1454;human;human;PROPN;NNP;True
18;18.0;8;1455;education;education;PROPN;NNP;True
18;18.0;9;1456;and;and;CCONJ;CC;False
18;18.0;10;1457;learning;learning;PROPN;NNP;True
18;18.1;12;1458;as;as;SCONJ;IN;False
18;18.1;13;1459;ai;ai;PROPN;NNP;True
18;18.1;14;1460;systems;system;NOUN;NNS;True
18;18.1;15;1461;curate;curate;VERB;VBP;True
18;18.1;16;1462;information;information;NOUN;NN;True
18;18.1;18;1463;personalize;personalize;VERB;VB;True
18;18.1;19;1464;experiences;experience;NOUN;NNS;True
18;18.1;21;1465;and;and;CCONJ;CC;False
18;18.1;22;1466;offer;offer;VERB;VB;True
18;18.1;23;1467;advice;advice;NOUN;NN;True
18;18.1;25;1468;we;we;PRON;PRP;False
18;18.1;26;1469;are;be;AUX;VBP;False
18;18.1;27;1470;concerned;concerned;ADJ;JJ;True
18;18.1;28;1471;that;that;SCONJ;IN;False
18;18.1;29;1472;excessive;excessive;ADJ;JJ;True
18;18.1;30;1473;reliance;reliance;NOUN;NN;True
18;18.1;31;1474;on;on;ADP;IN;False
18;18.1;32;1475;these;these;DET;DT;False
18;18.1;33;1476;systems;system;NOUN;NNS;True
18;18.1;34;1477;may;may;AUX;MD;False
18;18.1;35;1478;affect;affect;VERB;VB;True
18;18.1;36;1479;cognition;cognition;NOUN;NN;True
18;18.1;38;1480;decision-making;decision-making;VERB;VBG;True
18;18.1;39;1481;processes;process;NOUN;NNS;True
18;18.1;41;1482;and;and;CCONJ;CC;False
18;18.1;42;1483;the;the;DET;DT;False
18;18.1;43;1484;ability;ability;NOUN;NN;True
18;18.1;44;1485;to;to;PART;TO;False
18;18.1;45;1486;navigate;navigate;VERB;VB;True
18;18.1;46;1487;complex;complex;ADJ;JJ;True
18;18.1;47;1488;information;information;NOUN;NN;True
18;18.1;48;1489;landscapes;landscape;NOUN;NNS;True
18;18.2;50;1490;we;we;PRON;PRP;False
18;18.2;51;1491;affirm;affirm;VERB;VBP;True
18;18.2;52;1492;our;our;PRON;PRP$;False
18;18.2;53;1493;disposition;disposition;NOUN;NN;True
18;18.2;54;1494;to;to;PART;TO;False
18;18.2;55;1495;foster;foster;VERB;VB;True
18;18.2;56;1496;digital;digital;ADJ;JJ;True
18;18.2;57;1497;literacy;literacy;NOUN;NN;True
18;18.2;58;1498;skills;skill;NOUN;NNS;True
18;18.2;60;1499;in;in;ADP;IN;False
18;18.2;61;1500;particular;particular;ADJ;JJ;True
18;18.2;62;1501;of;of;ADP;IN;False
18;18.2;63;1502;teachers;teacher;NOUN;NNS;True
18;18.2;64;1503;and;and;CCONJ;CC;False
18;18.2;65;1504;learners;learner;NOUN;NNS;True
18;18.2;67;1505;to;to;PART;TO;False
18;18.2;68;1506;critically;critically;ADV;RB;True
18;18.2;69;1507;evaluate;evaluate;VERB;VB;True
18;18.2;70;1508;ai-generated;ai-generated;VERB;VBN;True
18;18.2;71;1509;content;content;NOUN;NN;True
18;18.2;73;1510;understand;understand;VERB;VBP;True
18;18.2;74;1511;embedded;embed;VERB;VBN;True
18;18.2;75;1512;biases;bias;NOUN;NNS;True
18;18.2;76;1513;within;within;ADP;IN;False
18;18.2;77;1514;algorithms;algorithm;NOUN;NNS;True
18;18.2;79;1515;and;and;CCONJ;CC;False
18;18.2;80;1516;cultivate;cultivate;VERB;VB;True
18;18.2;81;1517;a;a;DET;DT;False
18;18.2;82;1518;strong;strong;ADJ;JJ;True
18;18.2;83;1519;sense;sense;NOUN;NN;True
18;18.2;84;1520;of;of;ADP;IN;False
18;18.2;85;1521;intellectual;intellectual;ADJ;JJ;True
18;18.2;86;1522;autonomy;autonomy;NOUN;NN;True
18;18.2;87;1523;and;and;CCONJ;CC;False
18;18.2;88;1524;critical;critical;ADJ;JJ;True
18;18.2;89;1525;thinking;thinking;NOUN;NN;True
18;18.2;90;1526;skills;skill;NOUN;NNS;True
19;19.0;0;1527;ai;ai;PROPN;NNP;True
19;19.0;1;1528;must;must;AUX;MD;False
19;19.0;2;1529;be;be;AUX;VB;False
19;19.0;3;1530;inclusive;inclusive;ADJ;JJ;True
19;19.1;5;1531;we;we;PRON;PRP;False
19;19.1;6;1532;recognize;recognize;VERB;VBP;True
19;19.1;7;1533;risks;risk;NOUN;NNS;True
19;19.1;8;1534;relating;relate;VERB;VBG;True
19;19.1;9;1535;to;to;ADP;IN;False
19;19.1;10;1536;misappropriation;misappropriation;NOUN;NN;True
19;19.1;11;1537;and;and;CCONJ;CC;False
19;19.1;12;1538;misrepresentation;misrepresentation;NOUN;NN;True
19;19.1;13;1539;of;of;ADP;IN;False
19;19.1;14;1540;knowledge;knowledge;NOUN;NN;True
19;19.1;16;1541;heritage;heritage;NOUN;NN;True
19;19.1;18;1542;and;and;CCONJ;CC;False
19;19.1;19;1543;cultural;cultural;ADJ;JJ;True
19;19.1;20;1544;values;value;NOUN;NNS;True
19;19.1;21;1545;that;that;PRON;WDT;False
19;19.1;22;1546;are;be;AUX;VBP;False
19;19.1;23;1547;insufficiently;insufficiently;ADV;RB;True
19;19.1;24;1548;represented;represent;VERB;VBN;True
19;19.1;25;1549;in;in;ADP;IN;False
19;19.1;26;1550;datasets;dataset;NOUN;NNS;True
19;19.1;27;1551;and;and;CCONJ;CC;False
19;19.1;28;1552;ai;ai;PROPN;NNP;True
19;19.1;29;1553;models;model;NOUN;NNS;True
19;19.2;31;1554;we;we;PRON;PRP;False
19;19.2;32;1555;reaffirm;reaffirm;VERB;VBP;True
19;19.2;33;1556;the;the;DET;DT;False
19;19.2;34;1557;importance;importance;NOUN;NN;True
19;19.2;35;1558;of;of;ADP;IN;False
19;19.2;36;1559;ethical;ethical;ADJ;JJ;True
19;19.2;38;1560;transparent;transparent;ADJ;JJ;True
19;19.2;40;1561;and;and;CCONJ;CC;False
19;19.2;41;1562;accountable;accountable;ADJ;JJ;True
19;19.2;42;1563;frameworks;framework;NOUN;NNS;True
19;19.2;44;1564;such;such;ADJ;JJ;False
19;19.2;45;1565;as;as;ADP;IN;False
19;19.2;46;1566;unesco;unesco;PROPN;NNP;True
19;19.2;48;1567;recommendation;recommendation;PROPN;NNP;True
19;19.2;49;1568;on;on;ADP;IN;False
19;19.2;50;1569;the;the;DET;DT;False
19;19.2;51;1570;ethics;ethics;PROPN;NNP;True
19;19.2;52;1571;of;of;ADP;IN;False
19;19.2;53;1572;artificial;artificial;PROPN;NNP;True
19;19.2;54;1573;intelligence;intelligence;PROPN;NNP;True
19;19.3;56;1574;ai;ai;PROPN;NNP;True
19;19.3;57;1575;systems;system;NOUN;NNS;True
19;19.3;58;1576;must;must;AUX;MD;False
19;19.3;59;1577;be;be;AUX;VB;False
19;19.3;60;1578;developed;develop;VERB;VBN;True
19;19.3;61;1579;with;with;ADP;IN;False
19;19.3;62;1580;rigorous;rigorous;ADJ;JJ;True
19;19.3;63;1581;respect;respect;NOUN;NN;True
19;19.3;64;1582;to;to;ADP;IN;False
19;19.3;65;1583;the;the;DET;DT;False
19;19.3;66;1584;linguistic;linguistic;ADJ;JJ;True
19;19.3;68;1585;cultural;cultural;ADJ;JJ;True
19;19.3;70;1586;racial;racial;ADJ;JJ;True
19;19.3;72;1587;geographical;geographical;ADJ;JJ;True
19;19.3;74;1588;and;and;CCONJ;CC;False
19;19.3;75;1589;demographic;demographic;ADJ;JJ;True
19;19.3;76;1590;diversity;diversity;NOUN;NN;True
19;19.3;77;1591;of;of;ADP;IN;False
19;19.3;78;1592;all;all;DET;DT;False
19;19.3;79;1593;countries;country;NOUN;NNS;True
19;19.4;81;1594;this;this;PRON;DT;False
19;19.4;82;1595;includes;include;VERB;VBZ;True
19;19.4;83;1596;international;international;ADJ;JJ;True
19;19.4;84;1597;cooperation;cooperation;NOUN;NN;True
19;19.4;85;1598;for;for;ADP;IN;False
19;19.4;86;1599;training;training;NOUN;NN;True
19;19.4;87;1600;on;on;ADP;IN;False
19;19.4;88;1601;comprehensive;comprehensive;ADJ;JJ;True
19;19.4;90;1602;multilingual;multilingual;ADJ;JJ;True
19;19.4;92;1603;and;and;CCONJ;CC;False
19;19.4;93;1604;inclusive;inclusive;ADJ;JJ;True
19;19.4;94;1605;quality;quality;NOUN;NN;True
19;19.4;95;1606;datasets;dataset;NOUN;NNS;True
19;19.4;96;1607;and;and;CCONJ;CC;False
19;19.4;97;1608;the;the;DET;DT;False
19;19.4;98;1609;development;development;NOUN;NN;True
19;19.4;99;1610;of;of;ADP;IN;False
19;19.4;100;1611;local;local;ADJ;JJ;True
19;19.4;101;1612;ai;ai;PROPN;NNP;True
19;19.4;102;1613;talent;talent;NOUN;NN;True
20;20.0;0;1614;discriminatory;discriminatory;PROPN;NNP;True
20;20.0;1;1615;bias;bias;PROPN;NNP;True
20;20.0;2;1616;must;must;AUX;MD;False
20;20.0;3;1617;be;be;AUX;VB;False
20;20.0;4;1618;mitigated;mitigate;VERB;VBN;True
20;20.1;6;1619;we;we;PRON;PRP;False
20;20.1;7;1620;need;need;VERB;VBP;True
20;20.1;8;1621;robust;robust;ADJ;JJ;True
20;20.1;9;1622;tools;tool;NOUN;NNS;True
20;20.1;10;1623;to;to;PART;TO;False
20;20.1;11;1624;identify;identify;VERB;VB;True
20;20.1;12;1625;and;and;CCONJ;CC;False
20;20.1;13;1626;mitigate;mitigate;VERB;VB;True
20;20.1;14;1627;errors;error;NOUN;NNS;True
20;20.1;15;1628;and;and;CCONJ;CC;False
20;20.1;16;1629;negative;negative;ADJ;JJ;True
20;20.1;17;1630;algorithmic;algorithmic;ADJ;JJ;True
20;20.1;18;1631;biases;bias;NOUN;NNS;True
20;20.1;19;1632;and;and;CCONJ;CC;False
20;20.1;20;1633;ensure;ensure;VERB;VB;True
20;20.1;21;1634;independent;independent;ADJ;JJ;True
20;20.1;22;1635;audit;audit;NOUN;NN;True
20;20.1;23;1636;mechanisms;mechanism;NOUN;NNS;True
20;20.1;24;1637;that;that;PRON;WDT;False
20;20.1;25;1638;safeguard;safeguard;NOUN;NN;True
20;20.1;26;1639;fairness;fairness;NOUN;NN;True
20;20.1;28;1640;provide;provide;VERB;VBP;True
20;20.1;29;1641;standards;standard;NOUN;NNS;True
20;20.1;30;1642;on;on;ADP;IN;False
20;20.1;31;1643;assessment;assessment;NOUN;NN;True
20;20.1;32;1644;of;of;ADP;IN;False
20;20.1;33;1645;risks;risk;NOUN;NNS;True
20;20.1;34;1646;from;from;ADP;IN;False
20;20.1;35;1647;bias;bias;NOUN;NN;True
20;20.1;37;1648;and;and;CCONJ;CC;False
20;20.1;38;1649;avoid;avoid;VERB;VB;True
20;20.1;39;1650;discrimination;discrimination;NOUN;NN;True
20;20.1;40;1651;and;and;CCONJ;CC;False
20;20.1;41;1652;exclusion;exclusion;NOUN;NN;True
20;20.2;43;1653;women;woman;NOUN;NNS;True
20;20.2;45;1654;minorities;minority;NOUN;NNS;True
20;20.2;47;1655;persons;person;NOUN;NNS;True
20;20.2;48;1656;with;with;ADP;IN;False
20;20.2;49;1657;disabilities;disability;NOUN;NNS;True
20;20.2;51;1658;and;and;CCONJ;CC;False
20;20.2;52;1659;groups;group;NOUN;NNS;True
20;20.2;53;1660;in;in;ADP;IN;False
20;20.2;54;1661;vulnerable;vulnerable;ADJ;JJ;True
20;20.2;55;1662;situations;situation;NOUN;NNS;True
20;20.2;57;1663;such;such;ADJ;JJ;False
20;20.2;58;1664;as;as;ADP;IN;False
20;20.2;59;1665;children;child;NOUN;NNS;True
20;20.2;61;1666;youth;youth;NOUN;NN;True
20;20.2;63;1667;and;and;CCONJ;CC;False
20;20.2;64;1668;the;the;DET;DT;False
20;20.2;65;1669;elderly;elderly;ADJ;JJ;True
20;20.2;67;1670;tend;tend;VERB;VBP;True
20;20.2;68;1671;to;to;PART;TO;False
20;20.2;69;1672;be;be;AUX;VB;False
20;20.2;70;1673;the;the;DET;DT;False
20;20.2;71;1674;most;most;ADV;RBS;False
20;20.2;72;1675;affected;affect;VERB;VBN;True
20;20.2;73;1676;by;by;ADP;IN;False
20;20.2;74;1677;ai;ai;PROPN;NNP;True
20;20.2;75;1678;systems;system;NOUN;NNS;True
20;20.2;76;1679;trained;train;VERB;VBN;True
20;20.2;77;1680;with;with;ADP;IN;False
20;20.2;78;1681;biased;biased;ADJ;JJ;True
20;20.2;79;1682;materials;material;NOUN;NNS;True
20;20.3;81;1683;interdisciplinary;interdisciplinary;ADJ;JJ;True
20;20.3;82;1684;collaboration;collaboration;NOUN;NN;True
20;20.3;83;1685;among;among;ADP;IN;False
20;20.3;84;1686;people;people;NOUN;NNS;True
20;20.3;85;1687;from;from;ADP;IN;False
20;20.3;86;1688;different;different;ADJ;JJ;True
20;20.3;87;1689;backgrounds;background;NOUN;NNS;True
20;20.3;88;1690;is;be;AUX;VBZ;False
20;20.3;89;1691;key;key;ADJ;JJ;True
20;20.3;90;1692;to;to;ADP;IN;False
20;20.3;91;1693;establishing;establish;VERB;VBG;True
20;20.3;92;1694;standards;standard;NOUN;NNS;True
20;20.3;94;1695;enhancing;enhance;VERB;VBG;True
20;20.3;95;1696;explainability;explainability;NOUN;NN;True
20;20.3;96;1697;of;of;ADP;IN;False
20;20.3;97;1698;model;model;NOUN;NN;True
20;20.3;98;1699;operation;operation;NOUN;NN;True
20;20.3;99;1700;and;and;CCONJ;CC;False
20;20.3;100;1701;outputs;output;NOUN;NNS;True
20;20.3;102;1702;and;and;CCONJ;CC;False
20;20.3;103;1703;creating;create;VERB;VBG;True
20;20.3;104;1704;practical;practical;ADJ;JJ;True
20;20.3;105;1705;strategies;strategy;NOUN;NNS;True
20;20.3;106;1706;that;that;PRON;WDT;False
20;20.3;107;1707;guard;guard;VERB;VBP;True
20;20.3;108;1708;against;against;ADP;IN;False
20;20.3;109;1709;negative;negative;ADJ;JJ;True
20;20.3;110;1710;bias;bias;NOUN;NN;True
20;20.3;111;1711;and;and;CCONJ;CC;False
20;20.3;112;1712;support;support;VERB;VB;True
20;20.3;113;1713;the;the;DET;DT;False
20;20.3;114;1714;responsible;responsible;ADJ;JJ;True
20;20.3;115;1715;and;and;CCONJ;CC;False
20;20.3;116;1716;equitable;equitable;ADJ;JJ;True
20;20.3;117;1717;development;development;NOUN;NN;True
20;20.3;118;1718;of;of;ADP;IN;False
20;20.3;119;1719;ai;ai;PROPN;NNP;True
20;20.3;120;1720;systems;system;NOUN;NNS;True
21;21.0;0;1721;public;public;PROPN;NNP;True
21;21.0;1;1722;interest;interest;PROPN;NNP;True
21;21.0;2;1723;comes;come;VERB;VBZ;True
21;21.0;3;1724;first;first;ADV;RB;False
21;21.1;5;1725;under;under;ADP;IN;False
21;21.1;6;1726;a;a;DET;DT;False
21;21.1;7;1727;human-centered;human-centered;VERB;VBN;True
21;21.1;8;1728;approach;approach;NOUN;NN;True
21;21.1;10;1729;we;we;PRON;PRP;False
21;21.1;11;1730;will;will;AUX;MD;False
21;21.1;12;1731;foster;foster;VERB;VB;True
21;21.1;13;1732;a;a;DET;DT;False
21;21.1;14;1733;harmonious;harmonious;ADJ;JJ;True
21;21.1;15;1734;human-machine;human-machine;NOUN;NN;True
21;21.1;16;1735;relationship;relationship;NOUN;NN;True
21;21.1;18;1736;with;with;ADP;IN;False
21;21.1;19;1737;ultimate;ultimate;ADJ;JJ;True
21;21.1;20;1738;authority;authority;NOUN;NN;True
21;21.1;21;1739;and;and;CCONJ;CC;False
21;21.1;22;1740;oversight;oversight;NOUN;NN;True
21;21.1;23;1741;from;from;ADP;IN;False
21;21.1;24;1742;humans;human;NOUN;NNS;True
21;21.1;26;1743;where;where;SCONJ;WRB;False
21;21.1;27;1744;ai;ai;PROPN;NNP;True
21;21.1;28;1745;continues;continue;VERB;VBZ;True
21;21.1;29;1746;to;to;PART;TO;False
21;21.1;30;1747;be;be;AUX;VB;False
21;21.1;31;1748;built;build;VERB;VBN;True
21;21.1;32;1749;as;as;ADP;IN;False
21;21.1;33;1750;a;a;DET;DT;False
21;21.1;34;1751;powerful;powerful;ADJ;JJ;True
21;21.1;35;1752;tool;tool;NOUN;NN;True
21;21.1;36;1753;for;for;ADP;IN;False
21;21.1;37;1754;augmenting;augment;VERB;VBG;True
21;21.1;38;1755;human;human;ADJ;JJ;True
21;21.1;39;1756;capabilities;capability;NOUN;NNS;True
21;21.2;41;1757;we;we;PRON;PRP;False
21;21.2;42;1758;will;will;AUX;MD;False
21;21.2;43;1759;prioritize;prioritize;VERB;VB;True
21;21.2;44;1760;human;human;ADJ;JJ;True
21;21.2;45;1761;supervision;supervision;NOUN;NN;True
21;21.2;47;1762;transparency;transparency;NOUN;NN;True
21;21.2;48;1763;in;in;ADP;IN;False
21;21.2;49;1764;ai;ai;PROPN;NNP;True
21;21.2;50;1765;decision-making;decision-making;NOUN;NN;True
21;21.2;52;1766;and;and;CCONJ;CC;False
21;21.2;53;1767;effective;effective;ADJ;JJ;True
21;21.2;54;1768;accountability;accountability;NOUN;NN;True
21;21.2;55;1769;mechanisms;mechanism;NOUN;NNS;True
21;21.2;56;1770;so;so;SCONJ;IN;False
21;21.2;57;1771;that;that;SCONJ;IN;False
21;21.2;58;1772;ai;ai;PROPN;NNP;True
21;21.2;59;1773;technologies;technology;NOUN;NNS;True
21;21.2;60;1774;can;can;AUX;MD;False
21;21.2;61;1775;be;be;AUX;VB;False
21;21.2;62;1776;developed;develop;VERB;VBN;True
21;21.2;63;1777;and;and;CCONJ;CC;False
21;21.2;64;1778;deployed;deploy;VERB;VBN;True
21;21.2;65;1779;responsibly;responsibly;ADV;RB;True
21;21.2;66;1780;and;and;CCONJ;CC;False
21;21.2;67;1781;securely;securely;ADV;RB;True
21;21.2;69;1782;mitigating;mitigate;VERB;VBG;True
21;21.2;70;1783;risks;risk;NOUN;NNS;True
21;21.2;71;1784;and;and;CCONJ;CC;False
21;21.2;72;1785;maximizing;maximize;VERB;VBG;True
21;21.2;73;1786;societal;societal;ADJ;JJ;True
21;21.2;74;1787;benefits;benefit;NOUN;NNS;True
22;22.0;0;1788;stick;stick;PROPN;NNP;True
22;22.0;1;1789;to;to;ADP;IN;False
22;22.0;2;1790;the;the;DET;DT;False
22;22.0;3;1791;facts;fact;NOUN;NNS;True
22;22.1;5;1792;the;the;DET;DT;False
22;22.1;6;1793;generation;generation;NOUN;NN;True
22;22.1;7;1794;of;of;ADP;IN;False
22;22.1;8;1795;realistic;realistic;ADJ;JJ;True
22;22.1;9;1796;fake;fake;ADJ;JJ;True
22;22.1;10;1797;text;text;NOUN;NN;True
22;22.1;12;1798;images;image;NOUN;NNS;True
22;22.1;14;1799;audio;audio;ADJ;JJ;True
22;22.1;16;1800;and;and;CCONJ;CC;False
22;22.1;17;1801;video;video;NOUN;NN;True
22;22.1;18;1802;content;content;NOUN;NN;True
22;22.1;19;1803;poses;pose;VERB;VBZ;True
22;22.1;20;1804;significant;significant;ADJ;JJ;True
22;22.1;21;1805;threats;threat;NOUN;NNS;True
22;22.1;22;1806;to;to;ADP;IN;False
22;22.1;23;1807;information;information;NOUN;NN;True
22;22.1;24;1808;integrity;integrity;NOUN;NN;True
22;22.1;25;1809;and;and;CCONJ;CC;False
22;22.1;26;1810;authenticity;authenticity;NOUN;NN;True
22;22.1;27;1811;and;and;CCONJ;CC;False
22;22.1;28;1812;may;may;AUX;MD;False
22;22.1;29;1813;lead;lead;VERB;VB;True
22;22.1;30;1814;to;to;ADP;IN;False
22;22.1;31;1815;manipulation;manipulation;NOUN;NN;True
22;22.1;32;1816;of;of;ADP;IN;False
22;22.1;33;1817;public;public;ADJ;JJ;True
22;22.1;34;1818;opinion;opinion;NOUN;NN;True
22;22.1;36;1819;incitement;incitement;NOUN;NN;True
22;22.1;37;1820;of;of;ADP;IN;False
22;22.1;38;1821;social;social;ADJ;JJ;True
22;22.1;39;1822;unrest;unrest;NOUN;NN;True
22;22.1;41;1823;and;and;CCONJ;CC;False
22;22.1;42;1824;the;the;DET;DT;False
22;22.1;43;1825;undermining;undermining;NOUN;NN;True
22;22.1;44;1826;of;of;ADP;IN;False
22;22.1;45;1827;trust;trust;NOUN;NN;True
22;22.1;46;1828;in;in;ADP;IN;False
22;22.1;47;1829;public;public;ADJ;JJ;True
22;22.1;48;1830;institutions;institution;NOUN;NNS;True
22;22.2;50;1831;we;we;PRON;PRP;False
22;22.2;51;1832;will;will;AUX;MD;False
22;22.2;52;1833;seek;seek;VERB;VB;True
22;22.2;53;1834;a;a;DET;DT;False
22;22.2;54;1835;multi-faceted;multi-faceted;ADJ;JJ;True
22;22.2;55;1836;approach;approach;NOUN;NN;True
22;22.2;56;1837;to;to;PART;TO;False
22;22.2;57;1838;promote;promote;VERB;VB;True
22;22.2;58;1839;information;information;NOUN;NN;True
22;22.2;59;1840;integrity;integrity;NOUN;NN;True
22;22.2;61;1841;greater;great;ADJ;JJR;True
22;22.2;62;1842;centrality;centrality;NOUN;NN;True
22;22.2;63;1843;to;to;ADP;IN;False
22;22.2;64;1844;media;media;NOUN;NN;True
22;22.2;65;1845;education;education;NOUN;NN;True
22;22.2;66;1846;strategies;strategy;NOUN;NNS;True
22;22.2;68;1847;and;and;CCONJ;CC;False
22;22.2;69;1848;local;local;ADJ;JJ;True
22;22.2;70;1849;communication;communication;NOUN;NN;True
22;22.2;71;1850;efforts;effort;NOUN;NNS;True
22;22.3;73;1851;this;this;PRON;DT;False
22;22.3;74;1852;includes;include;VERB;VBZ;True
22;22.3;75;1853;developing;develop;VERB;VBG;True
22;22.3;76;1854;tools;tool;NOUN;NNS;True
22;22.3;77;1855;to;to;PART;TO;False
22;22.3;78;1856;quickly;quickly;ADV;RB;True
22;22.3;79;1857;flag;flag;VERB;VB;True
22;22.3;80;1858;disinformation;disinformation;NOUN;NN;True
22;22.3;81;1859;and;and;CCONJ;CC;False
22;22.3;82;1860;misinformation;misinformation;NOUN;NN;True
22;22.3;84;1861;fostering;foster;VERB;VBG;True
22;22.3;85;1862;digital;digital;ADJ;JJ;True
22;22.3;86;1863;literacy;literacy;NOUN;NN;True
22;22.3;87;1864;and;and;CCONJ;CC;False
22;22.3;88;1865;critical;critical;ADJ;JJ;True
22;22.3;89;1866;skills;skill;NOUN;NNS;True
22;22.3;90;1867;in;in;ADP;IN;False
22;22.3;91;1868;individuals;individual;NOUN;NNS;True
22;22.3;92;1869;to;to;PART;TO;False
22;22.3;93;1870;better;well;ADV;RB;False
22;22.3;94;1871;evaluate;evaluate;VERB;VB;True
22;22.3;95;1872;online;online;ADJ;JJ;True
22;22.3;96;1873;content;content;NOUN;NN;True
22;22.3;98;1874;and;and;CCONJ;CC;False
22;22.3;99;1875;establishing;establish;VERB;VBG;True
22;22.3;100;1876;clear;clear;ADJ;JJ;True
22;22.3;101;1877;ethical;ethical;ADJ;JJ;True
22;22.3;102;1878;guidelines;guideline;NOUN;NNS;True
22;22.3;103;1879;and;and;CCONJ;CC;False
22;22.3;104;1880;regulations;regulation;NOUN;NNS;True
22;22.3;106;1881;in;in;ADP;IN;False
22;22.3;107;1882;line;line;NOUN;NN;True
22;22.3;108;1883;with;with;ADP;IN;False
22;22.3;109;1884;the;the;DET;DT;False
22;22.3;110;1885;need;need;NOUN;NN;True
22;22.3;111;1886;for;for;ADP;IN;False
22;22.3;112;1887;protection;protection;NOUN;NN;True
22;22.3;113;1888;of;of;ADP;IN;False
22;22.3;114;1889;privacy;privacy;NOUN;NN;True
22;22.3;115;1890;and;and;CCONJ;CC;False
22;22.3;116;1891;digital;digital;ADJ;JJ;True
22;22.3;117;1892;data;data;NOUN;NNS;True
22;22.3;118;1893;and;and;CCONJ;CC;False
22;22.3;119;1894;for;for;ADP;IN;False
22;22.3;120;1895;the;the;DET;DT;False
22;22.3;121;1896;development;development;NOUN;NN;True
22;22.3;122;1897;and;and;CCONJ;CC;False
22;22.3;123;1898;use;use;NOUN;NN;True
22;22.3;124;1899;of;of;ADP;IN;False
22;22.3;125;1900;ai;ai;PROPN;NNP;True
22;22.3;126;1901;technologies;technology;NOUN;NNS;True
22;22.3;127;1902;in;in;ADP;IN;False
22;22.3;128;1903;information;information;NOUN;NN;True
22;22.3;129;1904;dissemination;dissemination;NOUN;NN;True
23;23.0;0;1905;safety;safety;NOUN;NN;True
23;23.0;1;1906;and;and;CCONJ;CC;False
23;23.0;2;1907;trust;trust;PROPN;NNP;True
23;23.0;3;1908;must;must;AUX;MD;False
23;23.0;4;1909;be;be;AUX;VB;False
23;23.0;5;1910;inherent;inherent;ADJ;JJ;True
23;23.0;6;1911;to;to;ADP;IN;False
23;23.0;7;1912;ai;ai;PROPN;NNP;True
23;23.0;8;1913;systems;systems;PROPN;NNPS;True
23;23.1;10;1914;we;we;PRON;PRP;False
23;23.1;11;1915;acknowledge;acknowledge;VERB;VBP;True
23;23.1;12;1916;the;the;DET;DT;False
23;23.1;13;1917;need;need;NOUN;NN;True
23;23.1;14;1918;to;to;PART;TO;False
23;23.1;15;1919;achieve;achieve;VERB;VB;True
23;23.1;16;1920;safe;safe;ADJ;JJ;True
23;23.1;18;1921;ethical;ethical;ADJ;JJ;True
23;23.1;20;1922;trustworthy;trustworthy;ADJ;JJ;True
23;23.1;22;1923;and;and;CCONJ;CC;False
23;23.1;23;1924;responsible;responsible;ADJ;JJ;True
23;23.1;24;1925;ai;ai;PROPN;NNP;True
23;23.1;25;1926;development;development;NOUN;NN;True
23;23.1;26;1927;for;for;ADP;IN;False
23;23.1;27;1928;the;the;DET;DT;False
23;23.1;28;1929;benefit;benefit;NOUN;NN;True
23;23.1;29;1930;of;of;ADP;IN;False
23;23.1;30;1931;all;all;PRON;DT;False
23;23.2;32;1932;countries;country;NOUN;NNS;True
23;23.2;33;1933;must;must;AUX;MD;False
23;23.2;34;1934;collectively;collectively;ADV;RB;True
23;23.2;35;1935;promote;promote;VERB;VB;True
23;23.2;36;1936;innovation;innovation;NOUN;NN;True
23;23.2;37;1937;in;in;ADP;IN;False
23;23.2;38;1938;and;and;CCONJ;CC;False
23;23.2;39;1939;access;access;NOUN;NN;True
23;23.2;40;1940;to;to;ADP;IN;False
23;23.2;41;1941;ai;ai;PROPN;NNP;True
23;23.2;42;1942;technologies;technology;NOUN;NNS;True
23;23.2;44;1943;while;while;SCONJ;IN;False
23;23.2;45;1944;addressing;address;VERB;VBG;True
23;23.2;46;1945;both;both;CCONJ;CC;False
23;23.2;47;1946;immediate;immediate;ADJ;JJ;True
23;23.2;48;1947;and;and;CCONJ;CC;False
23;23.2;49;1948;long-term;long-term;NOUN;NN;True
23;23.2;50;1949;risks;risk;NOUN;NNS;True
23;23.2;51;1950;in;in;ADP;IN;False
23;23.2;52;1951;accordance;accordance;NOUN;NN;True
23;23.2;53;1952;with;with;ADP;IN;False
23;23.2;54;1953;national;national;ADJ;JJ;True
23;23.2;55;1954;policies;policy;NOUN;NNS;True
23;23.2;56;1955;and;and;CCONJ;CC;False
23;23.2;57;1956;security;security;NOUN;NN;True
23;23.2;58;1957;considerations;consideration;NOUN;NNS;True
23;23.3;60;1958;we;we;PRON;PRP;False
23;23.3;61;1959;reaffirm;reaffirm;VERB;VBP;True
23;23.3;62;1960;the;the;DET;DT;False
23;23.3;63;1961;importance;importance;NOUN;NN;True
23;23.3;64;1962;of;of;ADP;IN;False
23;23.3;65;1963;collectively;collectively;ADV;RB;True
23;23.3;66;1964;addressing;address;VERB;VBG;True
23;23.3;67;1965;and;and;CCONJ;CC;False
23;23.3;68;1966;protecting;protect;VERB;VBG;True
23;23.3;69;1967;against;against;ADP;IN;False
23;23.3;70;1968;the;the;DET;DT;False
23;23.3;71;1969;risks;risk;NOUN;NNS;True
23;23.3;72;1970;posed;pose;VERB;VBN;True
23;23.3;73;1971;by;by;ADP;IN;False
23;23.3;74;1972;malicious;malicious;ADJ;JJ;True
23;23.3;75;1973;uses;us;NOUN;NNS;False
23;23.3;76;1974;of;of;ADP;IN;False
23;23.3;77;1975;ai;ai;PROPN;NNP;True
23;23.3;78;1976;technologies;technology;NOUN;NNS;True
23;23.4;80;1977;ai;ai;PROPN;NNP;True
23;23.4;81;1978;systems;system;NOUN;NNS;True
23;23.4;83;1979;as;as;ADV;RB;False
23;23.4;84;1980;well;well;ADV;RB;False
23;23.4;85;1981;as;as;ADP;IN;False
23;23.4;86;1982;other;other;ADJ;JJ;False
23;23.4;87;1983;information;information;NOUN;NN;True
23;23.4;88;1984;and;and;CCONJ;CC;False
23;23.4;89;1985;communications;communication;NOUN;NNS;True
23;23.4;90;1986;technologies;technology;NOUN;NNS;True
23;23.4;92;1987;should;should;AUX;MD;False
23;23.4;93;1988;be;be;AUX;VB;False
23;23.4;94;1989;carefully;carefully;ADV;RB;True
23;23.4;95;1990;designed;design;VERB;VBN;True
23;23.4;96;1991;in;in;ADP;IN;False
23;23.4;97;1992;a;a;DET;DT;False
23;23.4;98;1993;way;way;NOUN;NN;True
23;23.4;99;1994;that;that;PRON;WDT;False
23;23.4;100;1995;enables;enable;VERB;VBZ;True
23;23.4;101;1996;effective;effective;ADJ;JJ;True
23;23.4;102;1997;detection;detection;NOUN;NN;True
23;23.4;103;1998;and;and;CCONJ;CC;False
23;23.4;104;1999;prevention;prevention;NOUN;NN;True
23;23.4;105;2000;of;of;ADP;IN;False
23;23.4;106;2001;misuse;misuse;NOUN;NN;True
23;23.4;108;2002;such;such;ADJ;JJ;False
23;23.4;109;2003;as;as;ADP;IN;False
23;23.4;110;2004;fraud;fraud;NOUN;NN;True
23;23.4;112;2005;computer;computer;NOUN;NN;True
23;23.4;113;2006;attacks;attack;NOUN;NNS;True
23;23.4;115;2007;cybercrimes;cybercrime;NOUN;NNS;True
23;23.4;117;2008;or;or;CCONJ;CC;False
23;23.4;118;2009;data;data;NOUN;NN;True
23;23.4;119;2010;manipulation;manipulation;NOUN;NN;True
24;24.0;0;2011;a;a;DET;DT;False
24;24.0;1;2012;prudent;prudent;PROPN;NNP;True
24;24.0;2;2013;approach;approach;PROPN;NNP;True
24;24.0;3;2014;is;be;AUX;VBZ;False
24;24.0;4;2015;needed;need;VERB;VBN;True
24;24.0;5;2016;towards;towards;ADP;IN;False
24;24.0;6;2017;agi;agi;PROPN;NNP;True
24;24.1;8;2018;it;it;PRON;PRP;False
24;24.1;9;2019;is;be;AUX;VBZ;False
24;24.1;10;2020;crucial;crucial;ADJ;JJ;True
24;24.1;11;2021;that;that;SCONJ;IN;False
24;24.1;12;2022;research;research;NOUN;NN;True
24;24.1;13;2023;on;on;ADP;IN;False
24;24.1;14;2024;artificial;artificial;PROPN;NNP;True
24;24.1;15;2025;general;general;PROPN;NNP;True
24;24.1;16;2026;intelligence;intelligence;PROPN;NNP;True
24;24.1;18;2027;agi;agi;PROPN;NNP;True
24;24.1;20;2028;be;be;AUX;VB;False
24;24.1;21;2029;developed;develop;VERB;VBN;True
24;24.1;22;2030;ethically;ethically;ADV;RB;True
24;24.1;23;2031;and;and;CCONJ;CC;False
24;24.1;24;2032;deployed;deploy;VERB;VBD;True
24;24.1;25;2033;responsibly;responsibly;ADV;RB;True
24;24.1;26;2034;and;and;CCONJ;CC;False
24;24.1;27;2035;in;in;ADP;IN;False
24;24.1;28;2036;a;a;DET;DT;False
24;24.1;29;2037;trusted;trusted;ADJ;JJ;True
24;24.1;30;2038;manner;manner;NOUN;NN;True
24;24.1;32;2039;with;with;ADP;IN;False
24;24.1;33;2040;a;a;DET;DT;False
24;24.1;34;2041;view;view;NOUN;NN;True
24;24.1;35;2042;to;to;ADP;IN;False
24;24.1;36;2043;helping;helping;AUX;VBG;False
24;24.1;37;2044;accelerate;accelerate;VERB;VB;True
24;24.1;38;2045;economic;economic;ADJ;JJ;True
24;24.1;39;2046;growth;growth;NOUN;NN;True
24;24.1;41;2047;especially;especially;ADV;RB;True
24;24.1;42;2048;in;in;ADP;IN;False
24;24.1;43;2049;emdcs;emdc;NOUN;NNS;True
24;24.1;45;2050;and;and;CCONJ;CC;False
24;24.1;46;2051;address;address;NOUN;NN;True
24;24.1;47;2052;pressing;press;VERB;VBG;True
24;24.1;48;2053;economic;economic;ADJ;JJ;True
24;24.1;49;2054;and;and;CCONJ;CC;False
24;24.1;50;2055;social;social;ADJ;JJ;True
24;24.1;51;2056;challenges;challenge;NOUN;NNS;True
24;24.2;53;2057;if;if;SCONJ;IN;False
24;24.2;54;2058;concentrated;concentrate;VERB;VBN;True
24;24.2;55;2059;in;in;ADP;IN;False
24;24.2;56;2060;the;the;DET;DT;False
24;24.2;57;2061;hands;hand;NOUN;NNS;True
24;24.2;58;2062;of;of;ADP;IN;False
24;24.2;59;2063;a;a;DET;DT;False
24;24.2;60;2064;few;few;ADJ;JJ;False
24;24.2;61;2065;actors;actor;NOUN;NNS;True
24;24.2;63;2066;agi;agi;PROPN;NNP;True
24;24.2;64;2067;could;could;AUX;MD;False
24;24.2;65;2068;exacerbate;exacerbate;VERB;VB;True
24;24.2;66;2069;inequalities;inequality;NOUN;NNS;True
24;24.2;67;2070;and;and;CCONJ;CC;False
24;24.2;68;2071;create;create;VERB;VB;True
24;24.2;69;2072;new;new;ADJ;JJ;True
24;24.2;70;2073;forms;form;NOUN;NNS;True
24;24.2;71;2074;of;of;ADP;IN;False
24;24.2;72;2075;technological;technological;ADJ;JJ;True
24;24.2;73;2076;dependence;dependence;NOUN;NN;True
24;24.2;75;2077;raising;raise;VERB;VBG;True
24;24.2;76;2078;serious;serious;ADJ;JJ;False
24;24.2;77;2079;challenges;challenge;NOUN;NNS;True
24;24.2;78;2080;to;to;ADP;IN;False
24;24.2;79;2081;sustainable;sustainable;ADJ;JJ;True
24;24.2;80;2082;development;development;NOUN;NN;True
25;25.0;0;2083;promoting;promote;VERB;VBG;True
25;25.0;1;2084;a;a;DET;DT;False
25;25.0;2;2085;fair;fair;PROPN;NNP;True
25;25.0;3;2086;and;and;CCONJ;CC;False
25;25.0;4;2087;inclusive;inclusive;PROPN;NNP;True
25;25.0;5;2088;ai;ai;PROPN;NNP;True
25;25.0;6;2089;landscape;landscape;PROPN;NNP;True
25;25.1;8;2090;brics;brics;PROPN;NNP;True
25;25.1;9;2091;countries;country;NOUN;NNS;True
25;25.1;10;2092;will;will;AUX;MD;False
25;25.1;11;2093;seek;seek;VERB;VB;True
25;25.1;12;2094;to;to;PART;TO;False
25;25.1;13;2095;adopt;adopt;VERB;VB;True
25;25.1;14;2096;a;a;DET;DT;False
25;25.1;15;2097;common;common;ADJ;JJ;True
25;25.1;17;2098;proactive;proactive;ADJ;JJ;True
25;25.1;18;2099;position;position;NOUN;NN;True
25;25.1;19;2100;to;to;PART;TO;False
25;25.1;20;2101;advance;advance;VERB;VB;True
25;25.1;21;2102;an;an;DET;DT;False
25;25.1;22;2103;equitable;equitable;ADJ;JJ;True
25;25.1;23;2104;digital;digital;ADJ;JJ;True
25;25.1;24;2105;environment;environment;NOUN;NN;True
25;25.1;25;2106;for;for;ADP;IN;False
25;25.1;26;2107;all;all;PRON;DT;False
25;25.1;28;2108;identify;identify;VERB;VB;True
25;25.1;29;2109;common;common;ADJ;JJ;True
25;25.1;30;2110;perspectives;perspective;NOUN;NNS;True
25;25.1;31;2111;and;and;CCONJ;CC;False
25;25.1;32;2112;intensify;intensify;VERB;VB;True
25;25.1;33;2113;global;global;ADJ;JJ;True
25;25.1;34;2114;collective;collective;ADJ;JJ;True
25;25.1;35;2115;efforts;effort;NOUN;NNS;True
25;25.1;36;2116;towards;towards;ADP;IN;False
25;25.1;37;2117;operationalizing;operationalize;VERB;VBG;True
25;25.1;38;2118;the;the;DET;DT;False
25;25.1;39;2119;un;un;PROPN;NNP;True
25;25.1;40;2120;global;global;PROPN;NNP;True
25;25.1;41;2121;dialogue;dialogue;PROPN;NNP;True
25;25.1;42;2122;on;on;ADP;IN;False
25;25.1;43;2123;ai;ai;PROPN;NNP;True
25;25.1;44;2124;governance;governance;PROPN;NNP;True
25;25.1;45;2125;and;and;CCONJ;CC;False
25;25.1;46;2126;the;the;DET;DT;False
25;25.1;47;2127;international;international;PROPN;NNP;True
25;25.1;48;2128;independent;independent;PROPN;NNP;True
25;25.1;49;2129;scientific;scientific;PROPN;NNP;True
25;25.1;50;2130;panel;panel;PROPN;NNP;True
25;25.1;51;2131;on;on;ADP;IN;False
25;25.1;52;2132;ai;ai;PROPN;NNP;True
25;25.1;54;2133;while;while;SCONJ;IN;False
25;25.1;55;2134;ensuring;ensure;VERB;VBG;True
25;25.1;56;2135;meaningful;meaningful;ADJ;JJ;True
25;25.1;57;2136;roles;role;NOUN;NNS;True
25;25.1;58;2137;and;and;CCONJ;CC;False
25;25.1;59;2138;participation;participation;NOUN;NN;True
25;25.1;60;2139;of;of;ADP;IN;False
25;25.1;61;2140;developing;develop;VERB;VBG;True
25;25.1;62;2141;countries;country;NOUN;NNS;True
25;25.2;64;2142;we;we;PRON;PRP;False
25;25.2;65;2143;will;will;AUX;MD;False
25;25.2;66;2144;coordinate;coordinate;VERB;VB;True
25;25.2;67;2145;efforts;effort;NOUN;NNS;True
25;25.2;68;2146;to;to;PART;TO;False
25;25.2;69;2147;promote;promote;VERB;VB;True
25;25.2;70;2148;our;our;PRON;PRP$;False
25;25.2;71;2149;shared;share;VERB;VBN;True
25;25.2;72;2150;approaches;approach;NOUN;NNS;True
25;25.2;73;2151;to;to;ADP;IN;False
25;25.2;74;2152;ai;ai;PROPN;NNP;True
25;25.2;76;2153;including;include;VERB;VBG;True
25;25.2;77;2154;these;these;DET;DT;False
25;25.2;78;2155;guidelines;guideline;NOUN;NNS;True
25;25.2;80;2156;across;across;ADP;IN;False
25;25.2;81;2157;relevant;relevant;ADJ;JJ;True
25;25.2;82;2158;international;international;ADJ;JJ;True
25;25.2;83;2159;fora;fora;PROPN;NNP;True
25;25.3;85;2160;we;we;PRON;PRP;False
25;25.3;86;2161;welcome;welcome;VERB;VBP;True
25;25.3;87;2162;contributions;contribution;NOUN;NNS;True
25;25.3;88;2163;to;to;PART;TO;False
25;25.3;89;2164;further;far;ADV;RB;True
25;25.3;90;2165;develop;develop;VERB;VB;True
25;25.3;91;2166;these;these;DET;DT;False
25;25.3;92;2167;guidelines;guideline;NOUN;NNS;True
25;25.3;94;2168;particularly;particularly;ADV;RB;True
25;25.3;95;2169;from;from;ADP;IN;False
25;25.3;96;2170;other;other;ADJ;JJ;False
25;25.3;97;2171;developing;develop;VERB;VBG;True
25;25.3;98;2172;countries;country;NOUN;NNS;True
25;25.3;100;2173;and;and;CCONJ;CC;False
25;25.3;101;2174;will;will;AUX;MD;False
25;25.3;102;2175;remain;remain;VERB;VB;True
25;25.3;103;2176;open;open;ADJ;JJ;True
25;25.3;104;2177;to;to;ADP;IN;False
25;25.3;105;2178;revisiting;revisit;VERB;VBG;True
25;25.3;106;2179;them;they;PRON;PRP;False
