lema;frequencia;por_1000_tokens;unidades_com_ocorrencia;pct_unidades;DP_norm;formas_observadas
ai;66;30,275229357798167;22;88,0;0,233917386152023;ai (66)
development;26;11,926605504587156;14;56,00000000000001;0,48965047987394356;development (26)
country;18;8,256880733944955;12;48,0;0,4999999999999999;"countries (17); country (1)"
develop;18;8,256880733944955;14;56,00000000000001;0,43296089385474856;"developing (11); develop (4); developed (3)"
digital;18;8,256880733944955;10;40,0;0,5842644320297952;digital (18)
governance;16;7,339449541284404;7;28,000000000000004;0,733705772811918;governance (16)
international;15;6,8807339449541285;12;48,0;0,5432960893854749;international (15)
data;14;6,422018348623854;7;28,000000000000004;0,6745810055865923;data (14)
technology;14;6,422018348623854;10;40,0;0,5851955307262569;"technologies (10); technology (4)"
inclusive;13;5,963302752293578;9;36,0;0,6270949720670392;inclusive (13)
promote;13;5,963302752293578;10;40,0;0,5428305400372438;"promote (10); promoting (2); promoted (1)"
innovation;12;5,5045871559633035;9;36,0;0,6429236499068901;innovation (12)
right;12;5,5045871559633035;8;32,0;0,6601489757914338;"rights (8); right (4)"
ensure;11;5,045871559633028;9;36,0;0,5991620111731842;"ensure (7); ensuring (3); ensures (1)"
global;11;5,045871559633028;6;24,0;0,7630353817504656;global (11)
framework;10;4,587155963302752;8;32,0;0,6783054003724395;"frameworks (9); framework (1)"
include;10;4,587155963302752;9;36,0;0,595437616387337;"including (8); includes (2)"
risk;10;4,587155963302752;8;32,0;0,6536312849162013;"risks (9); risk (1)"
system;10;4,587155963302752;8;32,0;0,6499068901303537;"systems (9); system (1)"
foster;9;4,128440366972478;8;32,0;0,7104283054003724;"foster (6); fostering (3)"
need;9;4,128440366972478;7;28,000000000000004;0,6829608938547485;"need (5); needed (3); needs (1)"
sustainable;9;4,128440366972478;6;24,0;0,8021415270018621;sustainable (9)
use;9;4,128440366972478;7;28,000000000000004;0,702513966480447;"use (7); used (2)"
address;8;3,669724770642202;6;24,0;0,7518621973929235;"address (3); addressing (3); addresses (1); addressed (1)"
economy;8;3,669724770642202;6;24,0;0,7690875232774674;"economy (7); economies (1)"
approach;7;3,211009174311927;7;28,000000000000004;0,7202048417132217;"approach (5); approaches (2)"
benefit;7;3,211009174311927;7;28,000000000000004;0,7369646182495345;"benefits (5); benefit (2)"
equitable;7;3,211009174311927;6;24,0;0,7835195530726257;equitable (7)
open;7;3,211009174311927;4;16,0;0,8286778398510242;"open (6); opened (1)"
public;7;3,211009174311927;5;20,0;0,8179702048417133;public (7)
access;6;2,7522935779816518;5;20,0;0,791899441340782;access (6)
avoid;6;2,7522935779816518;5;20,0;0,7984171322160146;"avoid (4); avoided (1); avoiding (1)"
economic;6;2,7522935779816518;5;20,0;0,8133147113594041;economic (6)
effort;6;2,7522935779816518;5;20,0;0,7662942271880819;"efforts (5); effort (1)"
enhance;6;2,7522935779816518;6;24,0;0,760707635009311;"enhancing (3); enhance (3)"
fair;6;2,7522935779816518;5;20,0;0,8058659217877094;fair (6)
growth;6;2,7522935779816518;6;24,0;0,7513966480446927;growth (6)
information;6;2,7522935779816518;3;12,0;0,8738361266294227;information (6)
market;6;2,7522935779816518;4;16,0;0,8398510242085662;"market (5); markets (1)"
national;6;2,7522935779816518;6;24,0;0,7220670391061453;national (6)
protection;6;2,7522935779816518;6;24,0;0,7239292364990689;protection (6)
safeguard;6;2,7522935779816518;4;16,0;0,824022346368715;"safeguard (4); safeguarding (1); safeguards (1)"
standard;6;2,7522935779816518;3;12,0;0,8957169459962756;"standards (5); standard (1)"
technological;6;2,7522935779816518;5;20,0;0,8002793296089384;technological (6)
trust;6;2,7522935779816518;6;24,0;0,7239292364990689;"trust (5); trusted (1)"
artificial;5;2,293577981651376;5;20,0;0,8384543761638735;artificial (5)
bias;5;2,293577981651376;2;8,0;0,9278398510242087;"bias (3); biases (2)"
build;5;2,293577981651376;4;16,0;0,829608938547486;"building (2); builds (1); build (1); built (1)"
capacity;5;2,293577981651376;5;20,0;0,7937616387337056;"capacities (4); capacity (1)"
critical;5;2,293577981651376;5;20,0;0,8016759776536314;critical (5)
deployment;5;2,293577981651376;5;20,0;0,7802607076350092;deployment (5)
establish;5;2,293577981651376;5;20,0;0,7681564245810056;"establish (3); establishing (2)"
guideline;5;2,293577981651376;3;12,0;0,8789571694599628;guidelines (5)
human;5;2,293577981651376;3;12,0;0,8864059590316574;"human (4); humans (1)"
intelligence;5;2,293577981651376;5;20,0;0,8384543761638735;intelligence (5)
local;5;2,293577981651376;5;20,0;0,8054003724394788;local (5)
mitigate;5;2,293577981651376;4;16,0;0,8282122905027933;"mitigate (3); mitigated (1); mitigating (1)"
process;5;2,293577981651376;4;16,0;0,8649906890130354;"processes (4); process (1)"
research;5;2,293577981651376;5;20,0;0,8156424581005587;research (5)
resource;5;2,293577981651376;5;20,0;0,7965549348230913;"resources (3); resource (2)"
role;5;2,293577981651376;3;12,0;0,8929236499068901;"roles (3); role (2)"
transparency;5;2,293577981651376;4;16,0;0,8389199255121041;transparency (5)
applicable;4;1,834862385321101;4;16,0;0,8500931098696459;applicable (4)
challenge;4;1,834862385321101;3;12,0;0,88268156424581;challenges (4)
domestic;4;1,834862385321101;4;16,0;0,8617318435754189;domestic (4)
encourage;4;1,834862385321101;3;12,0;0,881284916201117;encourage (4)
infrastructure;4;1,834862385321101;2;8,0;0,9390130353817505;infrastructure (4)
intellectual;4;1,834862385321101;3;12,0;0,8878026070763501;intellectual (4)
interest;4;1,834862385321101;3;12,0;0,8864059590316574;"interest (3); interests (1)"
lead;4;1,834862385321101;4;16,0;0,8379888268156424;lead (4)
meaningful;4;1,834862385321101;4;16,0;0,8389199255121041;meaningful (4)
mechanism;4;1,834862385321101;4;16,0;0,8398510242085659;mechanisms (4)
model;4;1,834862385321101;4;16,0;0,8305400372439478;"model (2); models (2)"
organization;4;1,834862385321101;3;12,0;0,8966480446927374;organizations (4)
regulation;4;1,834862385321101;2;8,0;0,9217877094972068;"regulations (3); regulation (1)"
relevant;4;1,834862385321101;3;12,0;0,893854748603352;relevant (4)
safety;4;1,834862385321101;4;16,0;0,8375232774674115;safety (4)
security;4;1,834862385321101;4;16,0;0,8393854748603351;security (4)
skill;4;1,834862385321101;3;12,0;0,8878026070763501;skills (4)
support;4;1,834862385321101;4;16,0;0,8500931098696463;support (4)
tool;4;1,834862385321101;4;16,0;0,8421787709497207;"tool (2); tools (2)"
transparent;4;1,834862385321101;4;16,0;0,8477653631284917;transparent (4)
un;4;1,834862385321101;4;16,0;0,8384543761638733;un (4)
accordance;3;1,3761467889908259;3;12,0;0,8794227188081934;accordance (3)
accountability;3;1,3761467889908259;2;8,0;0,941340782122905;accountability (3)
advance;3;1,3761467889908259;3;12,0;0,9189944134078213;"advance (2); advancing (1)"
affect;3;1,3761467889908259;3;12,0;0,8677839851024208;"affected (2); affect (1)"
agi;3;1,3761467889908259;1;4,0;0,9813780260707635;agi (3)
allow;3;1,3761467889908259;3;12,0;0,8701117318435755;"allow (2); allowing (1)"
barrier;3;1,3761467889908259;3;12,0;0,8947858472998138;barriers (3)
brics;3;1,3761467889908259;3;12,0;0,8859404096834264;brics (3)
collaborative;3;1,3761467889908259;3;12,0;0,8910614525139664;collaborative (3)
content;3;1,3761467889908259;2;8,0;0,9231843575418995;content (3)
cooperation;3;1,3761467889908259;3;12,0;0,8873370577281192;cooperation (3)
create;3;1,3761467889908259;3;12,0;0,8715083798882682;"create (2); creating (1)"
decision-making;3;1,3761467889908259;3;12,0;0,9031657355679702;decision-making (3)
education;3;1,3761467889908259;3;12,0;0,8845437616387338;education (3)
emdc;3;1,3761467889908259;3;12,0;0,9022346368715084;emdcs (3)
emerge;3;1,3761467889908259;3;12,0;0,8840782122905027;emerging (3)
emission;3;1,3761467889908259;1;4,0;0,9641527001862197;emissions (3)
environment;3;1,3761467889908259;3;12,0;0,8924581005586592;environment (3)
environmental;3;1,3761467889908259;1;4,0;0,9641527001862197;environmental (3)
especially;3;1,3761467889908259;3;12,0;0,8910614525139664;especially (3)
ethical;3;1,3761467889908259;3;12,0;0,8705772811918062;ethical (3)
harness;3;1,3761467889908259;3;12,0;0,8766294227188083;harness (3)
importance;3;1,3761467889908259;3;12,0;0,8864059590316572;importance (3)
initiative;3;1,3761467889908259;3;12,0;0,9162011173184358;initiatives (3)
job;3;1,3761467889908259;1;4,0;0,9548417132216015;job (3)
key;3;1,3761467889908259;3;12,0;0,8659217877094972;key (3)
line;3;1,3761467889908259;3;12,0;0,8580074487895717;line (3)
management;3;1,3761467889908259;3;12,0;0,8901303538175046;management (3)
nations;3;1,3761467889908259;2;8,0;0,9166666666666665;nations (3)
opportunity;3;1,3761467889908259;3;12,0;0,8891992551210428;"opportunities (2); opportunity (1)"
participation;3;1,3761467889908259;3;12,0;0,8747672253258846;participation (3)
particularly;3;1,3761467889908259;3;12,0;0,8696461824953445;particularly (3)
policy;3;1,3761467889908259;3;12,0;0,8705772811918062;"policies (2); policy (1)"
pose;3;1,3761467889908259;3;12,0;0,851024208566108;"pose (1); poses (1); posed (1)"
priority;3;1,3761467889908259;3;12,0;0,8738361266294227;priorities (3)
privacy;3;1,3761467889908259;3;12,0;0,8705772811918064;privacy (3)
productivity;3;1,3761467889908259;2;8,0;0,9399441340782123;productivity (3)
property;3;1,3761467889908259;2;8,0;0,9250465549348231;property (3)
regulatory;3;1,3761467889908259;3;12,0;0,8812849162011173;regulatory (3)
representative;3;1,3761467889908259;3;12,0;0,8836126629422718;representative (3)
respect;3;1,3761467889908259;3;12,0;0,8719739292364991;"respect (2); respecting (1)"
responsible;3;1,3761467889908259;3;12,0;0,8794227188081934;responsible (3)
safe;3;1,3761467889908259;3;12,0;0,8663873370577281;safe (3)
sector;3;1,3761467889908259;3;12,0;0,909683426443203;"sector (2); sectors (1)"
seek;3;1,3761467889908259;3;12,0;0,8766294227188082;seek (3)
social;3;1,3761467889908259;3;12,0;0,8761638733705773;social (3)
sovereignty;3;1,3761467889908259;3;12,0;0,8682495344506517;sovereignty (3)
united;3;1,3761467889908259;2;8,0;0,9166666666666665;united (3)
view;3;1,3761467889908259;3;12,0;0,9213221601489758;"view (2); views (1)"
work;3;1,3761467889908259;1;4,0;0,9548417132216015;work (3)
accessible;2;0,9174311926605505;2;8,0;0,9269087523277467;accessible (2)
achieve;2;0,9174311926605505;2;8,0;0,9106145251396648;achieve (2)
acknowledge;2;0,9174311926605505;2;8,0;0,9180633147113594;acknowledge (2)
agree;2;0,9174311926605505;2;8,0;0,931098696461825;agreed (2)
algorithmic;2;0,9174311926605505;2;8,0;0,9175977653631285;algorithmic (2)
application;2;0,9174311926605505;2;8,0;0,9432029795158285;applications (2)
asymmetry;2;0,9174311926605505;2;8,0;0,9622905027932961;asymmetries (2)
audit;2;0,9174311926605505;2;8,0;0,9134078212290502;audit (2)
autonomy;2;0,9174311926605505;2;8,0;0,9376163873370575;autonomy (2)
balance;2;0,9174311926605505;2;8,0;0,9217877094972066;balance (2)
balanced;2;0,9174311926605505;2;8,0;0,9362197392923649;balanced (2)
capability;2;0,9174311926605505;2;8,0;0,9236499068901304;capabilities (2)
central;2;0,9174311926605505;2;8,0;0,9315642458100559;central (2)
citizen;2;0,9174311926605505;2;8,0;0,9390130353817503;"citizens (1); citizen (1)"
collaboration;2;0,9174311926605505;2;8,0;0,910148975791434;collaboration (2)
collective;2;0,9174311926605505;2;8,0;0,9148044692737431;collective (2)
collectively;2;0,9174311926605505;1;4,0;0,9655493482309124;collectively (2)
common;2;0,9174311926605505;1;4,0;0,9697392923649907;common (2)
communication;2;0,9174311926605505;2;8,0;0,9110800744878957;"communication (1); communications (1)"
company;2;0,9174311926605505;2;8,0;0,9432029795158285;companies (2)
competition;2;0,9174311926605505;1;4,0;0,9762569832402235;competition (2)
complex;2;0,9174311926605505;2;8,0;0,9441340782122906;complex (2)
compliance;2;0,9174311926605505;1;4,0;0,9725325884543761;compliance (2)
consideration;2;0,9174311926605505;2;8,0;0,9054934823091247;"consideration (1); considerations (1)"
contribute;2;0,9174311926605505;2;8,0;0,9124767225325884;contribute (2)
contribution;2;0,9174311926605505;2;8,0;0,9362197392923651;contributions (2)
cultural;2;0,9174311926605505;1;4,0;0,9743947858472999;cultural (2)
dataset;2;0,9174311926605505;1;4,0;0,9743947858472999;datasets (2)
decent;2;0,9174311926605505;1;4,0;0,9548417132216015;decent (2)
deploy;2;0,9174311926605505;2;8,0;0,9501862197392923;deployed (2)
design;2;0,9174311926605505;2;8,0;0,9054934823091247;"design (1); designed (1)"
developed;2;0,9174311926605505;2;8,0;0,9427374301675979;developed (2)
dialogue;2;0,9174311926605505;2;8,0;0,9264432029795158;"dialogues (1); dialogue (1)"
different;2;0,9174311926605505;2;8,0;0,9320297951582865;different (2)
effective;2;0,9174311926605505;2;8,0;0,9343575418994413;effective (2)
employment;2;0,9174311926605505;1;4,0;0,9548417132216015;employment (2)
enable;2;0,9174311926605505;2;8,0;0,9180633147113594;"enable (1); enables (1)"
energy;2;0,9174311926605505;2;8,0;0,925512104283054;energy (2)
evaluate;2;0,9174311926605505;2;8,0;0,9231843575418995;evaluate (2)
far;2;0,9174311926605505;2;8,0;0,9529795158286779;further (2)
fragmentation;2;0,9174311926605505;2;8,0;0,9329608938547486;fragmentation (2)
fundamental;2;0,9174311926605505;2;8,0;0,941340782122905;fundamental (2)
future;2;0,9174311926605505;2;8,0;0,9613594040968343;future (2)
gap;2;0,9174311926605505;2;8,0;0,9594972067039107;"gap (1); gaps (1)"
government;2;0,9174311926605505;2;8,0;0,9455307262569833;"governments (1); government (1)"
identify;2;0,9174311926605505;2;8,0;0,919925512104283;identify (2)
impact;2;0,9174311926605505;2;8,0;0,904096834264432;impact (2)
inclusion;2;0,9174311926605505;1;4,0;0,9790502793296089;inclusion (2)
independent;2;0,9174311926605505;2;8,0;0,919925512104283;independent (2)
integrity;2;0,9174311926605505;1;4,0;0,9604283054003725;integrity (2)
knowledge;2;0,9174311926605505;2;8,0;0,9390130353817505;knowledge (2)
landscape;2;0,9174311926605505;2;8,0;0,9324953445065177;"landscapes (1); landscape (1)"
law;2;0,9174311926605505;2;8,0;0,9338919925512104;"law (1); laws (1)"
legal;2;0,9174311926605505;2;8,0;0,9287709497206703;legal (2)
legislation;2;0,9174311926605505;1;4,0;0,9725325884543761;legislation (2)
level;2;0,9174311926605505;2;8,0;0,9594972067039107;level (2)
literacy;2;0,9174311926605505;2;8,0;0,9231843575418995;literacy (2)
low;2;0,9174311926605505;2;8,0;0,9287709497206703;low (2)
manipulation;2;0,9174311926605505;2;8,0;0,9110800744878957;manipulation (2)
material;2;0,9174311926605505;2;8,0;0,914338919925512;materials (2)
multilateral;2;0,9174311926605505;2;8,0;0,9622905027932961;multilateral (2)
negative;2;0,9174311926605505;1;4,0;0,9650837988826815;negative (2)
output;2;0,9174311926605505;2;8,0;0,9227188081936684;outputs (2)
particular;2;0,9174311926605505;2;8,0;0,9352886405959031;particular (2)
people;2;0,9174311926605505;2;8,0;0,9501862197392923;people (2)
personal;2;0,9174311926605505;2;8,0;0,9124767225325884;personal (2)
perspective;2;0,9174311926605505;2;8,0;0,9362197392923651;perspectives (2)
platform;2;0,9174311926605505;2;8,0;0,9217877094972066;platforms (2)
potential;2;0,9174311926605505;2;8,0;0,899906890130354;potential (2)
prerequisite;2;0,9174311926605505;2;8,0;0,9283054003724394;"prerequisites (1); prerequisite (1)"
protect;2;0,9174311926605505;2;8,0;0,9231843575418993;"protect (1); protecting (1)"
protocol;2;0,9174311926605505;2;8,0;0,9455307262569833;protocols (2)
provide;2;0,9174311926605505;2;8,0;0,9315642458100559;provide (2)
quality;2;0,9174311926605505;2;8,0;0,9269087523277469;quality (2)
reaffirm;2;0,9174311926605505;2;8,0;0,9250465549348231;reaffirm (2)
recognize;2;0,9174311926605505;2;8,0;0,931098696461825;"recognizing (1); recognize (1)"
relate;2;0,9174311926605505;2;8,0;0,9269087523277469;"related (1); relating (1)"
represent;2;0,9174311926605505;2;8,0;0,9594972067039107;"represents (1); represented (1)"
require;2;0,9174311926605505;2;8,0;0,9408752327746741;"requires (1); required (1)"
responsibly;2;0,9174311926605505;2;8,0;0,9501862197392923;responsibly (2)
robust;2;0,9174311926605505;2;8,0;0,9292364990689012;robust (2)
scientific;2;0,9174311926605505;2;8,0;0,9180633147113594;scientific (2)
secure;2;0,9174311926605505;2;8,0;0,9157355679702047;secure (2)
share;2;0,9174311926605505;2;8,0;0,9148044692737431;shared (2)
south;2;0,9174311926605505;2;8,0;0,9166666666666665;south (2)
specialized;2;0,9174311926605505;2;8,0;0,930167597765363;specialized (2)
stakeholder;2;0,9174311926605505;1;4,0;0,9813780260707634;stakeholders (2)
strategy;2;0,9174311926605505;2;8,0;0,9106145251396648;strategies (2)
sustainability;2;0,9174311926605505;2;8,0;0,9092178770949721;sustainability (2)
talent;2;0,9174311926605505;2;8,0;0,9343575418994413;talent (2)
technical;2;0,9174311926605505;2;8,0;0,9483240223463687;technical (2)
threat;2;0,9174311926605505;2;8,0;0,9003724394785848;threats (2)
underline;2;0,9174311926605505;2;8,0;0,9408752327746741;underline (2)
uphold;2;0,9174311926605505;2;8,0;0,919925512104283;"upholds (1); upholding (1)"
value;2;0,9174311926605505;2;8,0;0,9194599627560524;values (2)
waste;2;0,9174311926605505;2;8,0;0,925512104283054;waste (2)
water;2;0,9174311926605505;2;8,0;0,925512104283054;water (2)
worker;2;0,9174311926605505;1;4,0;0,9548417132216015;workers (2)
ability;1;0,45871559633027525;1;4,0;0,9776536312849162;ability (1)
academic;1;0,45871559633027525;1;4,0;0,9813780260707634;academic (1)
accelerate;1;0,45871559633027525;1;4,0;0,9813780260707635;accelerate (1)
accountable;1;0,45871559633027525;1;4,0;0,9743947858472999;accountable (1)
act;1;0,45871559633027525;1;4,0;0,9790502793296089;act (1)
actor;1;0,45871559633027525;1;4,0;0,9813780260707635;actors (1)
adapt;1;0,45871559633027525;1;4,0;0,9641527001862197;adapt (1)
adaptability;1;0,45871559633027525;1;4,0;0,9548417132216015;adaptability (1)
adopt;1;0,45871559633027525;1;4,0;0,9697392923649907;adopt (1)
adoption;1;0,45871559633027525;1;4,0;0,9790502793296089;adoption (1)
advancement;1;0,45871559633027525;1;4,0;0,9641527001862197;advancements (1)
advantage;1;0,45871559633027525;1;4,0;0,9548417132216015;advantages (1)
advice;1;0,45871559633027525;1;4,0;0,9776536312849162;advice (1)
affirm;1;0,45871559633027525;1;4,0;0,9776536312849162;affirm (1)
agency;1;0,45871559633027525;1;4,0;0,9818435754189943;agencies (1)
aggravate;1;0,45871559633027525;1;4,0;0,9981378026070762;aggravate (1)
agreement;1;0,45871559633027525;1;4,0;0,9762569832402235;agreements (1)
agriculture;1;0,45871559633027525;1;4,0;0,9762569832402235;agriculture (1)
ai-generated;1;0,45871559633027525;1;4,0;0,9776536312849162;ai-generated (1)
algorithm;1;0,45871559633027525;1;4,0;0,9776536312849162;algorithms (1)
apply;1;0,45871559633027525;1;4,0;0,978584729981378;applied (1)
appropriate;1;0,45871559633027525;1;4,0;0,9725325884543761;appropriate (1)
aspect;1;0,45871559633027525;1;4,0;0,9641527001862197;aspects (1)
aspiration;1;0,45871559633027525;1;4,0;0,9762569832402235;aspirations (1)
assessment;1;0,45871559633027525;1;4,0;0,9650837988826815;assessment (1)
attack;1;0,45871559633027525;1;4,0;0,9655493482309124;attacks (1)
audio;1;0,45871559633027525;1;4,0;0,9604283054003725;audio (1)
augment;1;0,45871559633027525;1;4,0;0,9837057728119181;augmenting (1)
authenticity;1;0,45871559633027525;1;4,0;0,9604283054003725;authenticity (1)
authority;1;0,45871559633027525;1;4,0;0,9837057728119181;authority (1)
available;1;0,45871559633027525;1;4,0;0,9790502793296089;available (1)
background;1;0,45871559633027525;1;4,0;0,9650837988826815;backgrounds (1)
bank;1;0,45871559633027525;1;4,0;0,9790502793296089;banks (1)
base;1;0,45871559633027525;1;4,0;0,9790502793296089;based (1)
biased;1;0,45871559633027525;1;4,0;0,9650837988826815;biased (1)
boost;1;0,45871559633027525;1;4,0;0,9999999999999998;boost (1)
bridge;1;0,45871559633027525;1;4,0;0,9762569832402235;bridge (1)
broad;1;0,45871559633027525;1;4,0;0,9599627560521414;broad (1)
carbon;1;0,45871559633027525;1;4,0;0,9641527001862197;carbon (1)
carefully;1;0,45871559633027525;1;4,0;0,9655493482309124;carefully (1)
catalyst;1;0,45871559633027525;1;4,0;0,9790502793296089;catalysts (1)
centrality;1;0,45871559633027525;1;4,0;0,9604283054003725;centrality (1)
chain;1;0,45871559633027525;1;4,0;0,9632216014897579;chains (1)
change;1;0,45871559633027525;1;4,0;0,9641527001862197;change (1)
charter;1;0,45871559633027525;1;4,0;0,9599627560521414;charter (1)
child;1;0,45871559633027525;1;4,0;0,9650837988826815;children (1)
civil;1;0,45871559633027525;1;4,0;0,9813780260707634;civil (1)
clear;1;0,45871559633027525;1;4,0;0,9604283054003725;clear (1)
climate;1;0,45871559633027525;1;4,0;0,9641527001862197;climate (1)
closely;1;0,45871559633027525;1;4,0;0,9813780260707634;closely (1)
cognition;1;0,45871559633027525;1;4,0;0,9776536312849162;cognition (1)
come;1;0,45871559633027525;1;4,0;0,9837057728119181;comes (1)
commitment;1;0,45871559633027525;1;4,0;0,9674115456238362;commitments (1)
community;1;0,45871559633027525;1;4,0;0,9813780260707634;communities (1)
compatibility;1;0,45871559633027525;1;4,0;0,9548417132216015;compatibility (1)
competitiveness;1;0,45871559633027525;1;4,0;0,9762569832402235;competitiveness (1)
complementary;1;0,45871559633027525;1;4,0;0,971601489757914;complementary (1)
component;1;0,45871559633027525;1;4,0;0,9795158286778398;components (1)
comprehensive;1;0,45871559633027525;1;4,0;0,9743947858472999;comprehensive (1)
computer;1;0,45871559633027525;1;4,0;0,9655493482309124;computer (1)
concentrate;1;0,45871559633027525;1;4,0;0,9813780260707635;concentrated (1)
concern;1;0,45871559633027525;1;4,0;0,9548417132216015;concerns (1)
concerned;1;0,45871559633027525;1;4,0;0,9776536312849162;concerned (1)
concretely;1;0,45871559633027525;1;4,0;0,9999999999999998;concretely (1)
condition;1;0,45871559633027525;1;4,0;0,9548417132216015;conditions (1)
conducive;1;0,45871559633027525;1;4,0;0,9599627560521414;conducive (1)
conduct;1;0,45871559633027525;1;4,0;0,9813780260707634;conducting (1)
confer;1;0,45871559633027525;1;4,0;0,9674115456238362;confer (1)
connectivity;1;0,45871559633027525;1;4,0;0,9790502793296089;connectivity (1)
consensus-based;1;0,45871559633027525;1;4,0;0,978584729981378;consensus-based (1)
conservation;1;0,45871559633027525;1;4,0;0,9641527001862197;conservation (1)
consider;1;0,45871559633027525;1;4,0;0,9548417132216015;considering (1)
constructive;1;0,45871559633027525;1;4,0;0,978584729981378;constructive (1)
consumption;1;0,45871559633027525;1;4,0;0,9641527001862197;consumption (1)
continue;1;0,45871559633027525;1;4,0;0,9837057728119181;continues (1)
continuously;1;0,45871559633027525;1;4,0;0,9762569832402235;continuously (1)
cooperate;1;0,45871559633027525;1;4,0;0,9813780260707634;cooperate (1)
coordinate;1;0,45871559633027525;1;4,0;0,9697392923649907;coordinate (1)
coordination;1;0,45871559633027525;1;4,0;0,9981378026070762;coordination (1)
copyright;1;0,45871559633027525;1;4,0;0,9725325884543761;copyright (1)
core;1;0,45871559633027525;1;4,0;0,9599627560521414;core (1)
cost;1;0,45871559633027525;1;4,0;0,971601489757914;costs (1)
critically;1;0,45871559633027525;1;4,0;0,9776536312849162;critically (1)
crucial;1;0,45871559633027525;1;4,0;0,9813780260707635;crucial (1)
cultivate;1;0,45871559633027525;1;4,0;0,9776536312849162;cultivate (1)
curate;1;0,45871559633027525;1;4,0;0,9776536312849162;curate (1)
cybercrime;1;0,45871559633027525;1;4,0;0,9655493482309124;cybercrimes (1)
debate;1;0,45871559633027525;1;4,0;0,978584729981378;debate (1)
demographic;1;0,45871559633027525;1;4,0;0,9743947858472999;demographic (1)
dependence;1;0,45871559633027525;1;4,0;0,9813780260707635;dependence (1)
detection;1;0,45871559633027525;1;4,0;0,9655493482309124;detection (1)
developer;1;0,45871559633027525;1;4,0;0,9632216014897579;developers (1)
development-oriented;1;0,45871559633027525;1;4,0;0,9599627560521414;development-oriented (1)
dignity;1;0,45871559633027525;1;4,0;0,9548417132216015;dignity (1)
directly;1;0,45871559633027525;1;4,0;0,9548417132216015;directly (1)
disability;1;0,45871559633027525;1;4,0;0,9650837988826815;disabilities (1)
discrimination;1;0,45871559633027525;1;4,0;0,9650837988826815;discrimination (1)
discriminatory;1;0,45871559633027525;1;4,0;0,9650837988826815;discriminatory (1)
disinformation;1;0,45871559633027525;1;4,0;0,9604283054003725;disinformation (1)
displacement;1;0,45871559633027525;1;4,0;0,9548417132216015;displacement (1)
disposition;1;0,45871559633027525;1;4,0;0,9776536312849162;disposition (1)
dissemination;1;0,45871559633027525;1;4,0;0,9604283054003725;dissemination (1)
distortion;1;0,45871559633027525;1;4,0;0,9762569832402235;distortions (1)
diverge;1;0,45871559633027525;1;4,0;0,9981378026070762;diverging (1)
diversity;1;0,45871559633027525;1;4,0;0,9743947858472999;diversity (1)
divide;1;0,45871559633027525;1;4,0;0,9599627560521414;divides (1)
domain;1;0,45871559633027525;1;4,0;0,978584729981378;domain (1)
duplication;1;0,45871559633027525;1;4,0;0,971601489757914;duplication (1)
dynamic;1;0,45871559633027525;1;4,0;0,9599627560521414;dynamic (1)
ecological;1;0,45871559633027525;1;4,0;0,9641527001862197;ecological (1)
ecosystem;1;0,45871559633027525;1;4,0;0,9632216014897579;ecosystems (1)
ecosystems;1;0,45871559633027525;1;4,0;0,9632216014897579;ecosystems (1)
effectively;1;0,45871559633027525;1;4,0;0,9795158286778398;effectively (1)
elderly;1;0,45871559633027525;1;4,0;0,9650837988826815;elderly (1)
electronic;1;0,45871559633027525;1;4,0;0,9641527001862197;electronic (1)
embed;1;0,45871559633027525;1;4,0;0,9776536312849162;embedded (1)
empower;1;0,45871559633027525;1;4,0;0,9762569832402235;empower (1)
enabler;1;0,45871559633027525;1;4,0;0,9632216014897579;enablers (1)
enabling;1;0,45871559633027525;1;4,0;0,9795158286778398;enabling (1)
enhanced;1;0,45871559633027525;1;4,0;0,9548417132216015;enhanced (1)
entry;1;0,45871559633027525;1;4,0;0,9818435754189943;entry (1)
erode;1;0,45871559633027525;1;4,0;0,9981378026070762;eroding (1)
error;1;0,45871559633027525;1;4,0;0,9650837988826815;errors (1)
ethically;1;0,45871559633027525;1;4,0;0,9813780260707635;ethically (1)
ethics;1;0,45871559633027525;1;4,0;0,9743947858472999;ethics (1)
evolution;1;0,45871559633027525;1;4,0;0,9641527001862197;evolution (1)
exacerbate;1;0,45871559633027525;1;4,0;0,9813780260707635;exacerbate (1)
excessive;1;0,45871559633027525;1;4,0;0,9776536312849162;excessive (1)
exchange;1;0,45871559633027525;1;4,0;0,971601489757914;exchanges (1)
exclusion;1;0,45871559633027525;1;4,0;0,9650837988826815;exclusion (1)
exist;1;0,45871559633027525;1;4,0;0,9981378026070762;existing (1)
experience;1;0,45871559633027525;1;4,0;0,9776536312849162;experiences (1)
expertise;1;0,45871559633027525;1;4,0;0,9813780260707634;expertise (1)
explainability;1;0,45871559633027525;1;4,0;0,9650837988826815;explainability (1)
exploitative;1;0,45871559633027525;1;4,0;0,9725325884543761;exploitative (1)
extraction;1;0,45871559633027525;1;4,0;0,9725325884543761;extraction (1)
facilitate;1;0,45871559633027525;1;4,0;0,9795158286778398;facilitate (1)
fact;1;0,45871559633027525;1;4,0;0,9604283054003725;facts (1)
fairness;1;0,45871559633027525;1;4,0;0,9650837988826815;fairness (1)
fake;1;0,45871559633027525;1;4,0;0,9604283054003725;fake (1)
field;1;0,45871559633027525;1;4,0;0,9762569832402235;field (1)
financial;1;0,45871559633027525;1;4,0;0,9795158286778398;financial (1)
firmly;1;0,45871559633027525;1;4,0;0,9748603351955306;firmly (1)
flag;1;0,45871559633027525;1;4,0;0,9604283054003725;flag (1)
focus;1;0,45871559633027525;1;4,0;0,9762569832402235;focus (1)
fora;1;0,45871559633027525;1;4,0;0,9697392923649907;fora (1)
form;1;0,45871559633027525;1;4,0;0,9813780260707635;forms (1)
foundational;1;0,45871559633027525;1;4,0;0,9632216014897579;foundational (1)
fraud;1;0,45871559633027525;1;4,0;0,9655493482309124;fraud (1)
fully;1;0,45871559633027525;1;4,0;0,971601489757914;fully (1)
gas;1;0,45871559633027525;1;4,0;0,9641527001862197;gas (1)
general;1;0,45871559633027525;1;4,0;0,9813780260707635;general (1)
generation;1;0,45871559633027525;1;4,0;0,9604283054003725;generation (1)
generative;1;0,45871559633027525;1;4,0;0,9548417132216015;generative (1)
geographical;1;0,45871559633027525;1;4,0;0,9743947858472999;geographical (1)
goal;1;0,45871559633027525;1;4,0;0,9599627560521414;goal (1)
great;1;0,45871559633027525;1;4,0;0,9604283054003725;greater (1)
greenhouse;1;0,45871559633027525;1;4,0;0,9641527001862197;greenhouse (1)
ground;1;0,45871559633027525;1;4,0;0,9599627560521414;grounded (1)
group;1;0,45871559633027525;1;4,0;0,9650837988826815;groups (1)
grow;1;0,45871559633027525;1;4,0;0,9599627560521414;growing (1)
guard;1;0,45871559633027525;1;4,0;0,9650837988826815;guard (1)
hand;1;0,45871559633027525;1;4,0;0,9813780260707635;hands (1)
harmonious;1;0,45871559633027525;1;4,0;0,9837057728119181;harmonious (1)
healthcare;1;0,45871559633027525;1;4,0;0,9762569832402235;healthcare (1)
healthy;1;0,45871559633027525;1;4,0;0,9762569832402235;healthy (1)
heart;1;0,45871559633027525;1;4,0;0,9762569832402235;heart (1)
heritage;1;0,45871559633027525;1;4,0;0,9743947858472999;heritage (1)
highlight;1;0,45871559633027525;1;4,0;0,9674115456238362;highlight (1)
human-centered;1;0,45871559633027525;1;4,0;0,9837057728119181;human-centered (1)
human-machine;1;0,45871559633027525;1;4,0;0,9837057728119181;human-machine (1)
humanity;1;0,45871559633027525;1;4,0;0,9599627560521414;humanity (1)
image;1;0,45871559633027525;1;4,0;0,9604283054003725;images (1)
immediate;1;0,45871559633027525;1;4,0;0,9655493482309124;immediate (1)
imperative;1;0,45871559633027525;1;4,0;0,9548417132216015;imperative (1)
improve;1;0,45871559633027525;1;4,0;0,9999999999999998;improving (1)
incitement;1;0,45871559633027525;1;4,0;0,9604283054003725;incitement (1)
inclusivity;1;0,45871559633027525;1;4,0;0,9813780260707634;inclusivity (1)
increase;1;0,45871559633027525;1;4,0;0,9548417132216015;increasing (1)
individual;1;0,45871559633027525;1;4,0;0,9604283054003725;individuals (1)
inequality;1;0,45871559633027525;1;4,0;0,9813780260707635;inequalities (1)
inherent;1;0,45871559633027525;1;4,0;0,9655493482309124;inherent (1)
input;1;0,45871559633027525;1;4,0;0,9725325884543761;inputs (1)
institution;1;0,45871559633027525;1;4,0;0,9604283054003725;institutions (1)
insufficiently;1;0,45871559633027525;1;4,0;0,9743947858472999;insufficiently (1)
intensify;1;0,45871559633027525;1;4,0;0,9697392923649907;intensify (1)
intensity;1;0,45871559633027525;1;4,0;0,9548417132216015;intensity (1)
interdisciplinary;1;0,45871559633027525;1;4,0;0,9650837988826815;interdisciplinary (1)
interoperability;1;0,45871559633027525;1;4,0;0,9818435754189943;interoperability (1)
interoperable;1;0,45871559633027525;1;4,0;0,978584729981378;interoperable (1)
involve;1;0,45871559633027525;1;4,0;0,9818435754189943;involve (1)
irrespective;1;0,45871559633027525;1;4,0;0,9795158286778398;irrespective (1)
jurisdiction;1;0,45871559633027525;1;4,0;0,9748603351955306;jurisdictions (1)
kind;1;0,45871559633027525;1;4,0;0,9762569832402235;kind (1)
leaders;1;0,45871559633027525;1;4,0;0,978584729981378;leaders (1)
leading;1;0,45871559633027525;1;4,0;0,9813780260707634;leading (1)
learner;1;0,45871559633027525;1;4,0;0,9776536312849162;learners (1)
learning;1;0,45871559633027525;1;4,0;0,9776536312849162;learning (1)
legitimacy;1;0,45871559633027525;1;4,0;0,9981378026070762;legitimacy (1)
leverage;1;0,45871559633027525;1;4,0;0,9795158286778398;leverage (1)
life;1;0,45871559633027525;1;4,0;0,9999999999999998;lives (1)
linguistic;1;0,45871559633027525;1;4,0;0,9743947858472999;linguistic (1)
long-term;1;0,45871559633027525;1;4,0;0,9655493482309124;long-term (1)
maintain;1;0,45871559633027525;1;4,0;0,9641527001862197;maintain (1)
malicious;1;0,45871559633027525;1;4,0;0,9655493482309124;malicious (1)
manner;1;0,45871559633027525;1;4,0;0,9813780260707635;manner (1)
matter;1;0,45871559633027525;1;4,0;0,9981378026070762;matters (1)
maximize;1;0,45871559633027525;1;4,0;0,9837057728119181;maximizing (1)
mdb;1;0,45871559633027525;1;4,0;0,9790502793296089;mdbs (1)
measure;1;0,45871559633027525;1;4,0;0,9790502793296089;measures (1)
media;1;0,45871559633027525;1;4,0;0,9604283054003725;media (1)
middle-income;1;0,45871559633027525;1;4,0;0,9795158286778398;middle-income (1)
milestone;1;0,45871559633027525;1;4,0;0,9999999999999998;milestone (1)
minimize;1;0,45871559633027525;1;4,0;0,9641527001862197;minimize (1)
minority;1;0,45871559633027525;1;4,0;0,9650837988826815;minorities (1)
misappropriation;1;0,45871559633027525;1;4,0;0,9743947858472999;misappropriation (1)
misinformation;1;0,45871559633027525;1;4,0;0,9604283054003725;misinformation (1)
misrepresentation;1;0,45871559633027525;1;4,0;0,9743947858472999;misrepresentation (1)
misuse;1;0,45871559633027525;1;4,0;0,9655493482309124;misuse (1)
momentum;1;0,45871559633027525;1;4,0;0,9641527001862197;momentum (1)
multi-faceted;1;0,45871559633027525;1;4,0;0,9604283054003725;multi-faceted (1)
multi-stakeholder;1;0,45871559633027525;1;4,0;0,971601489757914;multi-stakeholder (1)
multilateralism;1;0,45871559633027525;1;4,0;0,9981378026070762;multilateralism (1)
multilingual;1;0,45871559633027525;1;4,0;0,9743947858472999;multilingual (1)
navigate;1;0,45871559633027525;1;4,0;0,9776536312849162;navigate (1)
necessary;1;0,45871559633027525;1;4,0;0,9795158286778398;necessary (1)
network;1;0,45871559633027525;1;4,0;0,9813780260707634;network (1)
new;1;0,45871559633027525;1;4,0;0,9813780260707635;new (1)
non-military;1;0,45871559633027525;1;4,0;0,978584729981378;non-military (1)
obligation;1;0,45871559633027525;1;4,0;0,9762569832402235;obligations (1)
offer;1;0,45871559633027525;1;4,0;0,9776536312849162;offer (1)
online;1;0,45871559633027525;1;4,0;0,9604283054003725;online (1)
open-source;1;0,45871559633027525;1;4,0;0,9632216014897579;open-source (1)
operate;1;0,45871559633027525;1;4,0;0,9599627560521414;operate (1)
operation;1;0,45871559633027525;1;4,0;0,9650837988826815;operation (1)
operationalize;1;0,45871559633027525;1;4,0;0,9697392923649907;operationalizing (1)
opinion;1;0,45871559633027525;1;4,0;0,9604283054003725;opinion (1)
optimization;1;0,45871559633027525;1;4,0;0,9641527001862197;optimization (1)
overcome;1;0,45871559633027525;1;4,0;0,9599627560521414;overcoming (1)
oversight;1;0,45871559633027525;1;4,0;0,9837057728119181;oversight (1)
panel;1;0,45871559633027525;1;4,0;0,9697392923649907;panel (1)
paramount;1;0,45871559633027525;1;4,0;0,9548417132216015;paramount (1)
person;1;0,45871559633027525;1;4,0;0,9650837988826815;persons (1)
personalize;1;0,45871559633027525;1;4,0;0,9776536312849162;personalize (1)
pillar;1;0,45871559633027525;1;4,0;0,9641527001862197;pillars (1)
place;1;0,45871559633027525;1;4,0;0,9725325884543761;place (1)
planet;1;0,45871559633027525;1;4,0;0,9999999999999998;planet (1)
play;1;0,45871559633027525;1;4,0;0,9762569832402235;playing (1)
position;1;0,45871559633027525;1;4,0;0,9697392923649907;position (1)
possible;1;0,45871559633027525;1;4,0;0,9813780260707634;possible (1)
powerful;1;0,45871559633027525;1;4,0;0,9837057728119181;powerful (1)
practical;1;0,45871559633027525;1;4,0;0,9650837988826815;practical (1)
practice;1;0,45871559633027525;1;4,0;0,9999999999999998;practices (1)
press;1;0,45871559633027525;1;4,0;0,9813780260707635;pressing (1)
prevalent;1;0,45871559633027525;1;4,0;0,9790502793296089;prevalent (1)
prevent;1;0,45871559633027525;1;4,0;0,9725325884543761;prevent (1)
prevention;1;0,45871559633027525;1;4,0;0,9655493482309124;prevention (1)
prioritize;1;0,45871559633027525;1;4,0;0,9837057728119181;prioritize (1)
private;1;0,45871559633027525;1;4,0;0,9813780260707634;private (1)
proactive;1;0,45871559633027525;1;4,0;0,9697392923649907;proactive (1)
productive;1;0,45871559633027525;1;4,0;0,9548417132216015;productive (1)
proliferation;1;0,45871559633027525;1;4,0;0,9981378026070762;proliferation (1)
proprietary;1;0,45871559633027525;1;4,0;0,9725325884543761;proprietary (1)
prudent;1;0,45871559633027525;1;4,0;0,9813780260707635;prudent (1)
quickly;1;0,45871559633027525;1;4,0;0,9604283054003725;quickly (1)
racial;1;0,45871559633027525;1;4,0;0,9743947858472999;racial (1)
raise;1;0,45871559633027525;1;4,0;0,9813780260707635;raising (1)
rapid;1;0,45871559633027525;1;4,0;0,9548417132216015;rapid (1)
realistic;1;0,45871559633027525;1;4,0;0,9604283054003725;realistic (1)
recall;1;0,45871559633027525;1;4,0;0,9813780260707634;recalling (1)
recommendation;1;0,45871559633027525;1;4,0;0,9743947858472999;recommendation (1)
refer;1;0,45871559633027525;1;4,0;0,978584729981378;refer (1)
regional;1;0,45871559633027525;1;4,0;0,971601489757914;regional (1)
relationship;1;0,45871559633027525;1;4,0;0,9837057728119181;relationship (1)
reliability;1;0,45871559633027525;1;4,0;0,9818435754189943;reliability (1)
reliance;1;0,45871559633027525;1;4,0;0,9776536312849162;reliance (1)
remain;1;0,45871559633027525;1;4,0;0,9697392923649907;remain (1)
remove;1;0,45871559633027525;1;4,0;0,9795158286778398;remove (1)
remuneration;1;0,45871559633027525;1;4,0;0,9725325884543761;remuneration (1)
representation;1;0,45871559633027525;1;4,0;0,9813780260707634;representation (1)
researcher;1;0,45871559633027525;1;4,0;0,9632216014897579;researchers (1)
resource-efficient;1;0,45871559633027525;1;4,0;0,9632216014897579;resource-efficient (1)
respective;1;0,45871559633027525;1;4,0;0,9813780260707634;respective (1)
responsibility;1;0,45871559633027525;1;4,0;0,9813780260707634;responsibilities (1)
responsive;1;0,45871559633027525;1;4,0;0,9599627560521414;responsive (1)
result;1;0,45871559633027525;1;4,0;0,9981378026070762;result (1)
revisit;1;0,45871559633027525;1;4,0;0,9697392923649907;revisiting (1)
rigorous;1;0,45871559633027525;1;4,0;0,9743947858472999;rigorous (1)
science;1;0,45871559633027525;1;4,0;0,9632216014897579;science (1)
scrutinize;1;0,45871559633027525;1;4,0;0,9632216014897579;scrutinize (1)
securely;1;0,45871559633027525;1;4,0;0,9837057728119181;securely (1)
sense;1;0,45871559633027525;1;4,0;0,9776536312849162;sense (1)
service;1;0,45871559633027525;1;4,0;0,9790502793296089;services (1)
set;1;0,45871559633027525;1;4,0;0,978584729981378;set (1)
setting;1;0,45871559633027525;1;4,0;0,9818435754189943;setting (1)
significant;1;0,45871559633027525;1;4,0;0,9604283054003725;significant (1)
situation;1;0,45871559633027525;1;4,0;0,9650837988826815;situations (1)
small;1;0,45871559633027525;1;4,0;0,9818435754189943;smaller (1)
societal;1;0,45871559633027525;1;4,0;0,9837057728119181;societal (1)
society;1;0,45871559633027525;1;4,0;0,9813780260707634;society (1)
source;1;0,45871559633027525;1;4,0;0,9762569832402235;source (1)
specification;1;0,45871559633027525;1;4,0;0,9818435754189943;specifications (1)
spur;1;0,45871559633027525;1;4,0;0,971601489757914;spur (1)
stage;1;0,45871559633027525;1;4,0;0,9795158286778398;stage (1)
standards;1;0,45871559633027525;1;4,0;0,9818435754189943;standards (1)
states;1;0,45871559633027525;1;4,0;0,9762569832402235;states (1)
stick;1;0,45871559633027525;1;4,0;0,9604283054003725;stick (1)
stimulate;1;0,45871559633027525;1;4,0;0,9548417132216015;stimulate (1)
strengthen;1;0,45871559633027525;1;4,0;0,971601489757914;strengthen (1)
strictly;1;0,45871559633027525;1;4,0;0,978584729981378;strictly (1)
strong;1;0,45871559633027525;1;4,0;0,9776536312849162;strong (1)
structural;1;0,45871559633027525;1;4,0;0,9548417132216015;structural (1)
supervision;1;0,45871559633027525;1;4,0;0,9837057728119181;supervision (1)
supply;1;0,45871559633027525;1;4,0;0,9632216014897579;supply (1)
systems;1;0,45871559633027525;1;4,0;0,9655493482309124;systems (1)
teacher;1;0,45871559633027525;1;4,0;0,9776536312849162;teachers (1)
tend;1;0,45871559633027525;1;4,0;0,9650837988826815;tend (1)
term;1;0,45871559633027525;1;4,0;0,9548417132216015;terms (1)
text;1;0,45871559633027525;1;4,0;0,9604283054003725;text (1)
thinking;1;0,45871559633027525;1;4,0;0,9776536312849162;thinking (1)
train;1;0,45871559633027525;1;4,0;0,9650837988826815;trained (1)
training;1;0,45871559633027525;1;4,0;0,9743947858472999;training (1)
transfer;1;0,45871559633027525;1;4,0;0,9725325884543761;transfer (1)
transform;1;0,45871559633027525;1;4,0;0,9776536312849162;transform (1)
transformation;1;0,45871559633027525;1;4,0;0,9548417132216015;transformation (1)
transition;1;0,45871559633027525;1;4,0;0,9641527001862197;transition (1)
transport;1;0,45871559633027525;1;4,0;0,9762569832402235;transport (1)
trusted;1;0,45871559633027525;1;4,0;0,9813780260707635;trusted (1)
trustworthy;1;0,45871559633027525;1;4,0;0,9655493482309124;trustworthy (1)
ultimate;1;0,45871559633027525;1;4,0;0,9837057728119181;ultimate (1)
unauthorized;1;0,45871559633027525;1;4,0;0,9725325884543761;unauthorized (1)
undermining;1;0,45871559633027525;1;4,0;0,9604283054003725;undermining (1)
understand;1;0,45871559633027525;1;4,0;0,9776536312849162;understand (1)
understanding;1;0,45871559633027525;1;4,0;0,9674115456238362;understanding (1)
unesco;1;0,45871559633027525;1;4,0;0,9743947858472999;unesco (1)
unique;1;0,45871559633027525;1;4,0;0,9813780260707634;unique (1)
unrest;1;0,45871559633027525;1;4,0;0,9604283054003725;unrest (1)
user;1;0,45871559633027525;1;4,0;0,9762569832402235;users (1)
utilize;1;0,45871559633027525;1;4,0;0,9548417132216015;utilize (1)
video;1;0,45871559633027525;1;4,0;0,9604283054003725;video (1)
violation;1;0,45871559633027525;1;4,0;0,9725325884543761;violation (1)
vulnerable;1;0,45871559633027525;1;4,0;0,9650837988826815;vulnerable (1)
way;1;0,45871559633027525;1;4,0;0,9655493482309124;way (1)
welcome;1;0,45871559633027525;1;4,0;0,9697392923649907;welcome (1)
wellbeing;1;0,45871559633027525;1;4,0;0,9548417132216015;wellbeing (1)
window;1;0,45871559633027525;1;4,0;0,9641527001862197;windows (1)
woman;1;0,45871559633027525;1;4,0;0,9650837988826815;women (1)
working;1;0,45871559633027525;1;4,0;0,9548417132216015;working (1)
youth;1;0,45871559633027525;1;4,0;0,9650837988826815;youth (1)
