bigrama;frequencia;por_1000_tokens;unidades_com_ocorrencia;forma_principal;formas_observadas
ai technology;9;4,128440366972478;6;ai technologies;"ai technologies (7); ai technology (2)"
develop country;9;4,128440366972478;7;developing countries;developing countries (9)
ai system;8;3,669724770642202;7;ai systems;ai systems (8)
ai governance;7;3,211009174311927;6;ai governance;ai governance (7)
digital economy;5;2,293577981651376;4;digital economy;digital economy (5)
sustainable development;5;2,293577981651376;4;sustainable development;sustainable development (5)
artificial intelligence;4;1,834862385321101;4;artificial intelligence;artificial intelligence (4)
global ai;4;1,834862385321101;3;global ai;global ai (4)
ai development;3;1,3761467889908259;3;ai development;ai development (3)
ai research;3;1,3761467889908259;3;ai research;ai research (3)
applicable international;3;1,3761467889908259;3;applicable international;applicable international (3)
data protection;3;1,3761467889908259;3;data protection;data protection (3)
economic growth;3;1,3761467889908259;3;economic growth;economic growth (3)
intellectual property;3;1,3761467889908259;2;intellectual property;intellectual property (3)
public interest;3;1,3761467889908259;2;public interest;public interest (3)
united nations;3;1,3761467889908259;2;united nations;united nations (3)
ai model;2;0,9174311926605505;2;ai model;"ai model (1); ai models (1)"
balanced approach;2;0,9174311926605505;2;balanced approach;balanced approach (2)
build trust;2;0,9174311926605505;2;builds trust;"builds trust (1); build trust (1)"
data governance;2;0,9174311926605505;1;data governance;data governance (2)
decent work;2;0,9174311926605505;1;decent work;decent work (2)
decision-making process;2;0,9174311926605505;2;decision-making processes;decision-making processes (2)
deploy responsibly;2;0,9174311926605505;2;deployed responsibly;deployed responsibly (2)
digital literacy;2;0,9174311926605505;2;digital literacy;digital literacy (2)
emerge technology;2;0,9174311926605505;2;emerging technologies;emerging technologies (2)
enhance productivity;2;0,9174311926605505;2;enhancing productivity;"enhancing productivity (1); enhance productivity (1)"
ensure meaningful;2;0,9174311926605505;2;ensure meaningful;"ensure meaningful (1); ensuring meaningful (1)"
foster digital;2;0,9174311926605505;2;foster digital;"foster digital (1); fostering digital (1)"
global governance;2;0,9174311926605505;2;global governance;global governance (2)
global south;2;0,9174311926605505;2;global south;global south (2)
inclusive ai;2;0,9174311926605505;2;inclusive ai;inclusive ai (2)
information integrity;2;0,9174311926605505;1;information integrity;information integrity (2)
international cooperation;2;0,9174311926605505;2;international cooperation;international cooperation (2)
international framework;2;0,9174311926605505;2;international frameworks;"international frameworks (1); international framework (1)"
legal framework;2;0,9174311926605505;2;legal frameworks;legal frameworks (2)
market regulation;2;0,9174311926605505;1;market regulation;"market regulation (1); market regulations (1)"
meaningful participation;2;0,9174311926605505;2;meaningful participation;meaningful participation (2)
national policy;2;0,9174311926605505;2;national policies;national policies (2)
personal data;2;0,9174311926605505;2;personal data;personal data (2)
promote innovation;2;0,9174311926605505;2;promote innovation;promote innovation (2)
property right;2;0,9174311926605505;2;property rights;property rights (2)
regulatory framework;2;0,9174311926605505;2;regulatory frameworks;regulatory frameworks (2)
relevant stakeholder;2;0,9174311926605505;1;relevant stakeholders;relevant stakeholders (2)
academic community;1;0,45871559633027525;1;academic communities;academic communities (1)
accelerate economic;1;0,45871559633027525;1;accelerate economic;accelerate economic (1)
accessible ai;1;0,45871559633027525;1;accessible ai;accessible ai (1)
accountability mechanism;1;0,45871559633027525;1;accountability mechanisms;accountability mechanisms (1)
accountable framework;1;0,45871559633027525;1;accountable frameworks;accountable frameworks (1)
achieve safe;1;0,45871559633027525;1;achieve safe;achieve safe (1)
address aspect;1;0,45871559633027525;1;addressing aspects;addressing aspects (1)
address critical;1;0,45871559633027525;1;address critical;address critical (1)
address press;1;0,45871559633027525;1;address pressing;address pressing (1)
address risk;1;0,45871559633027525;1;addresses risks;addresses risks (1)
advance local;1;0,45871559633027525;1;advance local;advance local (1)
advance sustainable;1;0,45871559633027525;1;advancing sustainable;advancing sustainable (1)
affect cognition;1;0,45871559633027525;1;affect cognition;affect cognition (1)
aggravate exist;1;0,45871559633027525;1;aggravate existing;aggravate existing (1)
ai application;1;0,45871559633027525;1;ai applications;ai applications (1)
ai continue;1;0,45871559633027525;1;ai continues;ai continues (1)
ai decision-making;1;0,45871559633027525;1;ai decision-making;ai decision-making (1)
ai future;1;0,45871559633027525;1;ai future;ai future (1)
ai international;1;0,45871559633027525;1;ai international;ai international (1)
ai landscape;1;0,45871559633027525;1;ai landscape;ai landscape (1)
ai risk;1;0,45871559633027525;1;ai risks;ai risks (1)
ai systems;1;0,45871559633027525;1;ai systems;ai systems (1)
ai talent;1;0,45871559633027525;1;ai talent;ai talent (1)
ai use;1;0,45871559633027525;1;ai use;ai use (1)
ai-generated content;1;0,45871559633027525;1;ai-generated content;ai-generated content (1)
algorithmic bias;1;0,45871559633027525;1;algorithmic biases;algorithmic biases (1)
algorithmic transparency;1;0,45871559633027525;1;algorithmic transparency;algorithmic transparency (1)
allow develop;1;0,45871559633027525;1;allow developing;allow developing (1)
allow researcher;1;0,45871559633027525;1;allow researchers;allow researchers (1)
applicable legal;1;0,45871559633027525;1;applicable legal;applicable legal (1)
appropriate protection;1;0,45871559633027525;1;appropriate protection;appropriate protection (1)
artificial general;1;0,45871559633027525;1;artificial general;artificial general (1)
audit mechanism;1;0,45871559633027525;1;audit mechanisms;audit mechanisms (1)
augment human;1;0,45871559633027525;1;augmenting human;augmenting human (1)
avoid barrier;1;0,45871559633027525;1;avoid barriers;avoid barriers (1)
avoid discrimination;1;0,45871559633027525;1;avoid discrimination;avoid discrimination (1)
avoid distortion;1;0,45871559633027525;1;avoid distortions;avoid distortions (1)
avoid regulatory;1;0,45871559633027525;1;avoiding regulatory;avoiding regulatory (1)
avoid standard;1;0,45871559633027525;1;avoid standard;avoid standard (1)
biased material;1;0,45871559633027525;1;biased materials;biased materials (1)
boost development;1;0,45871559633027525;1;boost development;boost development (1)
brics country;1;0,45871559633027525;1;brics countries;brics countries (1)
brics data;1;0,45871559633027525;1;brics data;brics data (1)
brics leaders;1;0,45871559633027525;1;brics leaders;brics leaders (1)
bridge technological;1;0,45871559633027525;1;bridge technological;bridge technological (1)
build capacity;1;0,45871559633027525;1;building capacities;building capacities (1)
capacity build;1;0,45871559633027525;1;capacity building;capacity building (1)
carbon emission;1;0,45871559633027525;1;carbon emissions;carbon emissions (1)
carefully design;1;0,45871559633027525;1;carefully designed;carefully designed (1)
civil society;1;0,45871559633027525;1;civil society;civil society (1)
clear ethical;1;0,45871559633027525;1;clear ethical;clear ethical (1)
climate change;1;0,45871559633027525;1;climate change;climate change (1)
closely cooperate;1;0,45871559633027525;1;closely cooperate;closely cooperate (1)
collaborative approach;1;0,45871559633027525;1;collaborative approaches;collaborative approaches (1)
collaborative governance;1;0,45871559633027525;1;collaborative governance;collaborative governance (1)
collaborative sustainable;1;0,45871559633027525;1;collaborative sustainable;collaborative sustainable (1)
collective effort;1;0,45871559633027525;1;collective efforts;collective efforts (1)
collective global;1;0,45871559633027525;1;collective global;collective global (1)
collectively address;1;0,45871559633027525;1;collectively addressing;collectively addressing (1)
collectively promote;1;0,45871559633027525;1;collectively promote;collectively promote (1)
common perspective;1;0,45871559633027525;1;common perspectives;common perspectives (1)
communication effort;1;0,45871559633027525;1;communication efforts;communication efforts (1)
communication technology;1;0,45871559633027525;1;communications technologies;communications technologies (1)
complementary role;1;0,45871559633027525;1;complementary roles;complementary roles (1)
complex information;1;0,45871559633027525;1;complex information;complex information (1)
computer attack;1;0,45871559633027525;1;computer attacks;computer attacks (1)
concretely improve;1;0,45871559633027525;1;concretely improving;concretely improving (1)
conduct ai;1;0,45871559633027525;1;conducting ai;conducting ai (1)
confer equitable;1;0,45871559633027525;1;confer equitable;confer equitable (1)
consensus-based process;1;0,45871559633027525;1;consensus-based processes;consensus-based processes (1)
conservation effort;1;0,45871559633027525;1;conservation efforts;conservation efforts (1)
consideration adaptability;1;0,45871559633027525;1;consideration adaptability;consideration adaptability (1)
constructive debate;1;0,45871559633027525;1;constructive debate;constructive debate (1)
content pose;1;0,45871559633027525;1;content poses;content poses (1)
continuously promote;1;0,45871559633027525;1;continuously promoted;continuously promoted (1)
coordinate effort;1;0,45871559633027525;1;coordinate efforts;coordinate efforts (1)
create job;1;0,45871559633027525;1;create job;create job (1)
create new;1;0,45871559633027525;1;create new;create new (1)
create practical;1;0,45871559633027525;1;creating practical;creating practical (1)
critical component;1;0,45871559633027525;1;critical components;critical components (1)
critical development;1;0,45871559633027525;1;critical development;critical development (1)
critical skill;1;0,45871559633027525;1;critical skills;critical skills (1)
critical thinking;1;0,45871559633027525;1;critical thinking;critical thinking (1)
critically evaluate;1;0,45871559633027525;1;critically evaluate;critically evaluate (1)
cultural value;1;0,45871559633027525;1;cultural values;cultural values (1)
curate information;1;0,45871559633027525;1;curate information;curate information (1)
data divide;1;0,45871559633027525;1;data divides;data divides (1)
data economy;1;0,45871559633027525;1;data economy;data economy (1)
data extraction;1;0,45871559633027525;1;data extraction;data extraction (1)
data manipulation;1;0,45871559633027525;1;data manipulation;data manipulation (1)
data sovereignty;1;0,45871559633027525;1;data sovereignty;data sovereignty (1)
demographic diversity;1;0,45871559633027525;1;demographic diversity;demographic diversity (1)
develop capacity;1;0,45871559633027525;1;develop capacities;develop capacities (1)
develop economy;1;0,45871559633027525;1;developing economies;developing economies (1)
develop ethically;1;0,45871559633027525;1;developed ethically;developed ethically (1)
develop necessary;1;0,45871559633027525;1;develop necessary;develop necessary (1)
develop tool;1;0,45871559633027525;1;developing tools;developing tools (1)
development bank;1;0,45871559633027525;1;development banks;development banks (1)
development challenge;1;0,45871559633027525;1;development challenges;development challenges (1)
development organization;1;0,45871559633027525;1;development organizations;development organizations (1)
development process;1;0,45871559633027525;1;development process;development process (1)
different background;1;0,45871559633027525;1;different backgrounds;different backgrounds (1)
different platform;1;0,45871559633027525;1;different platforms;different platforms (1)
digital data;1;0,45871559633027525;1;digital data;digital data (1)
digital environment;1;0,45871559633027525;1;digital environment;digital environment (1)
digital government;1;0,45871559633027525;1;digital government;digital government (1)
digital inclusion;1;0,45871559633027525;1;digital inclusion;digital inclusion (1)
digital infrastructure;1;0,45871559633027525;1;digital infrastructure;digital infrastructure (1)
digital matter;1;0,45871559633027525;1;digital matters;digital matters (1)
digital platform;1;0,45871559633027525;1;digital platforms;digital platforms (1)
digital public;1;0,45871559633027525;1;digital public;digital public (1)
digital sovereignty;1;0,45871559633027525;1;digital sovereignty;digital sovereignty (1)
digital transformation;1;0,45871559633027525;1;digital transformation;digital transformation (1)
directly affect;1;0,45871559633027525;1;directly affected;directly affected (1)
discriminatory bias;1;0,45871559633027525;1;discriminatory bias;discriminatory bias (1)
diverge view;1;0,45871559633027525;1;diverging views;diverging views (1)
domestic legal;1;0,45871559633027525;1;domestic legal;domestic legal (1)
domestic legislation;1;0,45871559633027525;1;domestic legislation;domestic legislation (1)
domestic measure;1;0,45871559633027525;1;domestic measures;domestic measures (1)
ecological balance;1;0,45871559633027525;1;ecological balance;ecological balance (1)
economic development;1;0,45871559633027525;1;economic development;economic development (1)
economic pillar;1;0,45871559633027525;1;economic pillars;economic pillars (1)
economy governance;1;0,45871559633027525;1;economy governance;economy governance (1)
economy require;1;0,45871559633027525;1;economy requires;economy requires (1)
education strategy;1;0,45871559633027525;1;education strategies;education strategies (1)
effective accountability;1;0,45871559633027525;1;effective accountability;effective accountability (1)
effective detection;1;0,45871559633027525;1;effective detection;effective detection (1)
effectively leverage;1;0,45871559633027525;1;effectively leverage;effectively leverage (1)
electronic waste;1;0,45871559633027525;1;electronic waste;electronic waste (1)
embed bias;1;0,45871559633027525;1;embedded biases;embedded biases (1)
emerge market;1;0,45871559633027525;1;emerging markets;emerging markets (1)
emission economy;1;0,45871559633027525;1;emissions economy;emissions economy (1)
empower local;1;0,45871559633027525;1;empower local;empower local (1)
enable develop;1;0,45871559633027525;1;enable developing;enable developing (1)
enable effective;1;0,45871559633027525;1;enables effective;enables effective (1)
encourage competition;1;0,45871559633027525;1;encourage competition;encourage competition (1)
encourage open-source;1;0,45871559633027525;1;encourage open-source;encourage open-source (1)
encourage policy;1;0,45871559633027525;1;encourage policy;encourage policy (1)
enhance competitiveness;1;0,45871559633027525;1;enhance competitiveness;enhance competitiveness (1)
enhance digital;1;0,45871559633027525;1;enhancing digital;enhancing digital (1)
enhance environmental;1;0,45871559633027525;1;enhance environmental;enhance environmental (1)
enhance explainability;1;0,45871559633027525;1;enhancing explainability;enhancing explainability (1)
enhanced productivity;1;0,45871559633027525;1;enhanced productivity;enhanced productivity (1)
ensure accountability;1;0,45871559633027525;1;ensure accountability;ensure accountability (1)
ensure broad;1;0,45871559633027525;1;ensures broad;ensures broad (1)
ensure data;1;0,45871559633027525;1;ensure data;ensure data (1)
ensure decent;1;0,45871559633027525;1;ensure decent;ensure decent (1)
ensure independent;1;0,45871559633027525;1;ensure independent;ensure independent (1)
ensure safety;1;0,45871559633027525;1;ensuring safety;ensuring safety (1)
ensure trust;1;0,45871559633027525;1;ensure trust;ensure trust (1)
environmental conservation;1;0,45871559633027525;1;environmental conservation;environmental conservation (1)
environmental impact;1;0,45871559633027525;1;environmental impact;environmental impact (1)
environmental sustainability;1;0,45871559633027525;1;environmental sustainability;environmental sustainability (1)
equitable ai;1;0,45871559633027525;1;equitable ai;equitable ai (1)
equitable development;1;0,45871559633027525;1;equitable development;equitable development (1)
equitable digital;1;0,45871559633027525;1;equitable digital;equitable digital (1)
equitable future;1;0,45871559633027525;1;equitable future;equitable future (1)
equitable governance;1;0,45871559633027525;1;equitable governance;equitable governance (1)
erode multilateralism;1;0,45871559633027525;1;eroding multilateralism;eroding multilateralism (1)
establish clear;1;0,45871559633027525;1;establishing clear;establishing clear (1)
establish data;1;0,45871559633027525;1;establish data;establish data (1)
establish standard;1;0,45871559633027525;1;establishing standards;establishing standards (1)
ethical guideline;1;0,45871559633027525;1;ethical guidelines;ethical guidelines (1)
evaluate ai-generated;1;0,45871559633027525;1;evaluate ai-generated;evaluate ai-generated (1)
evaluate online;1;0,45871559633027525;1;evaluate online;evaluate online (1)
exacerbate inequality;1;0,45871559633027525;1;exacerbate inequalities;exacerbate inequalities (1)
excessive reliance;1;0,45871559633027525;1;excessive reliance;excessive reliance (1)
exist asymmetry;1;0,45871559633027525;1;existing asymmetries;existing asymmetries (1)
exploitative data;1;0,45871559633027525;1;exploitative data;exploitative data (1)
facilitate access;1;0,45871559633027525;1;facilitate access;facilitate access (1)
fair competition;1;0,45871559633027525;1;fair competition;fair competition (1)
fair remuneration;1;0,45871559633027525;1;fair remuneration;fair remuneration (1)
fake text;1;0,45871559633027525;1;fake text;fake text (1)
far develop;1;0,45871559633027525;1;further develop;further develop (1)
far erode;1;0,45871559633027525;1;further eroding;further eroding (1)
financial resource;1;0,45871559633027525;1;financial resources;financial resources (1)
firmly support;1;0,45871559633027525;1;firmly support;firmly support (1)
flag disinformation;1;0,45871559633027525;1;flag disinformation;flag disinformation (1)
foster inclusive;1;0,45871559633027525;1;foster inclusive;foster inclusive (1)
foster innovation;1;0,45871559633027525;1;fostering innovation;fostering innovation (1)
foster local;1;0,45871559633027525;1;fostering local;fostering local (1)
foster responsible;1;0,45871559633027525;1;foster responsible;foster responsible (1)
foster technological;1;0,45871559633027525;1;foster technological;foster technological (1)
foundational model;1;0,45871559633027525;1;foundational models;foundational models (1)
framework relate;1;0,45871559633027525;1;frameworks related;frameworks related (1)
fully inclusive;1;0,45871559633027525;1;fully inclusive;fully inclusive (1)
fundamental right;1;0,45871559633027525;1;fundamental rights;fundamental rights (1)
gas emission;1;0,45871559633027525;1;gas emissions;gas emissions (1)
general intelligence;1;0,45871559633027525;1;general intelligence;general intelligence (1)
generative ai;1;0,45871559633027525;1;generative ai;generative ai (1)
global collective;1;0,45871559633027525;1;global collective;global collective (1)
global dialogue;1;0,45871559633027525;1;global dialogue;global dialogue (1)
global effort;1;0,45871559633027525;1;global effort;global effort (1)
governance effort;1;0,45871559633027525;1;governance efforts;governance efforts (1)
governance framework;1;0,45871559633027525;1;governance frameworks;governance frameworks (1)
governance initiative;1;0,45871559633027525;1;governance initiatives;governance initiatives (1)
governance understanding;1;0,45871559633027525;1;governance understanding;governance understanding (1)
government service;1;0,45871559633027525;1;government services;government services (1)
great centrality;1;0,45871559633027525;1;greater centrality;greater centrality (1)
greenhouse gas;1;0,45871559633027525;1;greenhouse gas;greenhouse gas (1)
grow digital;1;0,45871559633027525;1;growing digital;growing digital (1)
harmonious human-machine;1;0,45871559633027525;1;harmonious human-machine;harmonious human-machine (1)
healthy market;1;0,45871559633027525;1;healthy market;healthy market (1)
human capability;1;0,45871559633027525;1;human capabilities;human capabilities (1)
human education;1;0,45871559633027525;1;human education;human education (1)
human resource;1;0,45871559633027525;1;human resource;human resource (1)
human supervision;1;0,45871559633027525;1;human supervision;human supervision (1)
human-centered approach;1;0,45871559633027525;1;human-centered approach;human-centered approach (1)
human-machine relationship;1;0,45871559633027525;1;human-machine relationship;human-machine relationship (1)
identify common;1;0,45871559633027525;1;identify common;identify common (1)
include artificial;1;0,45871559633027525;1;including artificial;including artificial (1)
include capacity;1;0,45871559633027525;1;including capacity;including capacity (1)
include develop;1;0,45871559633027525;1;includes developing;includes developing (1)
include generative;1;0,45871559633027525;1;including generative;including generative (1)
include international;1;0,45871559633027525;1;includes international;includes international (1)
include multilateral;1;0,45871559633027525;1;including multilateral;including multilateral (1)
include transparency;1;0,45871559633027525;1;including transparency;including transparency (1)
inclusive collaborative;1;0,45871559633027525;1;inclusive collaborative;inclusive collaborative (1)
inclusive growth;1;0,45871559633027525;1;inclusive growth;inclusive growth (1)
inclusive international;1;0,45871559633027525;1;inclusive international;inclusive international (1)
inclusive quality;1;0,45871559633027525;1;inclusive quality;inclusive quality (1)
increase structural;1;0,45871559633027525;1;increasing structural;increasing structural (1)
independent audit;1;0,45871559633027525;1;independent audit;independent audit (1)
independent scientific;1;0,45871559633027525;1;independent scientific;independent scientific (1)
information dissemination;1;0,45871559633027525;1;information dissemination;information dissemination (1)
information landscape;1;0,45871559633027525;1;information landscapes;information landscapes (1)
innovation ecosystem;1;0,45871559633027525;1;innovation ecosystems;innovation ecosystems (1)
innovation ecosystems;1;0,45871559633027525;1;innovation ecosystems;innovation ecosystems (1)
innovation initiative;1;0,45871559633027525;1;innovation initiatives;innovation initiatives (1)
innovation mechanism;1;0,45871559633027525;1;innovation mechanisms;innovation mechanisms (1)
insufficiently represent;1;0,45871559633027525;1;insufficiently represented;insufficiently represented (1)
intellectual autonomy;1;0,45871559633027525;1;intellectual autonomy;intellectual autonomy (1)
intelligence represent;1;0,45871559633027525;1;intelligence represents;intelligence represents (1)
intensify global;1;0,45871559633027525;1;intensify global;intensify global (1)
interdisciplinary collaboration;1;0,45871559633027525;1;interdisciplinary collaboration;interdisciplinary collaboration (1)
interest come;1;0,45871559633027525;1;interest comes;interest comes (1)
international agreement;1;0,45871559633027525;1;international agreements;international agreements (1)
international collaboration;1;0,45871559633027525;1;international collaboration;international collaboration (1)
international fora;1;0,45871559633027525;1;international fora;international fora (1)
international governance;1;0,45871559633027525;1;international governance;international governance (1)
international independent;1;0,45871559633027525;1;international independent;international independent (1)
international law;1;0,45871559633027525;1;international law;international law (1)
international level;1;0,45871559633027525;1;international level;international level (1)
international organization;1;0,45871559633027525;1;international organizations;international organizations (1)
international scientific;1;0,45871559633027525;1;international scientific;international scientific (1)
international standards;1;0,45871559633027525;1;international standards;international standards (1)
international transfer;1;0,45871559633027525;1;international transfer;international transfer (1)
interoperable standard;1;0,45871559633027525;1;interoperable standards;interoperable standards (1)
job displacement;1;0,45871559633027525;1;job displacement;job displacement (1)
job market;1;0,45871559633027525;1;job market;job market (1)
job opportunity;1;0,45871559633027525;1;job opportunities;job opportunities (1)
key enabler;1;0,45871559633027525;1;key enablers;key enablers (1)
leading role;1;0,45871559633027525;1;leading role;leading role (1)
legitimacy gap;1;0,45871559633027525;1;legitimacy gap;legitimacy gap (1)
leverage ai;1;0,45871559633027525;1;leverage ai;leverage ai (1)
literacy skill;1;0,45871559633027525;1;literacy skills;literacy skills (1)
local adoption;1;0,45871559633027525;1;local adoption;local adoption (1)
local ai;1;0,45871559633027525;1;local ai;local ai (1)
local communication;1;0,45871559633027525;1;local communication;local communication (1)
local talent;1;0,45871559633027525;1;local talent;local talent (1)
local technological;1;0,45871559633027525;1;local technological;local technological (1)
long-term risk;1;0,45871559633027525;1;long-term risks;long-term risks (1)
low carbon;1;0,45871559633027525;1;low carbon;low carbon (1)
maintain ecological;1;0,45871559633027525;1;maintain ecological;maintain ecological (1)
management framework;1;0,45871559633027525;1;management frameworks;management frameworks (1)
market entry;1;0,45871559633027525;1;market entry;market entry (1)
market environment;1;0,45871559633027525;1;market environment;market environment (1)
maximize societal;1;0,45871559633027525;1;maximizing societal;maximizing societal (1)
meaningful connectivity;1;0,45871559633027525;1;meaningful connectivity;meaningful connectivity (1)
meaningful role;1;0,45871559633027525;1;meaningful roles;meaningful roles (1)
media education;1;0,45871559633027525;1;media education;media education (1)
middle-income country;1;0,45871559633027525;1;middle-income countries;middle-income countries (1)
milestone opportunity;1;0,45871559633027525;1;milestone opportunity;milestone opportunity (1)
mitigate emission;1;0,45871559633027525;1;mitigate emissions;mitigate emissions (1)
mitigate error;1;0,45871559633027525;1;mitigate errors;mitigate errors (1)
mitigate potential;1;0,45871559633027525;1;mitigate potential;mitigate potential (1)
mitigate risk;1;0,45871559633027525;1;mitigating risks;mitigating risks (1)
model input;1;0,45871559633027525;1;model inputs;model inputs (1)
model operation;1;0,45871559633027525;1;model operation;model operation (1)
multi-faceted approach;1;0,45871559633027525;1;multi-faceted approach;multi-faceted approach (1)
multi-stakeholder framework;1;0,45871559633027525;1;multi-stakeholder frameworks;multi-stakeholder frameworks (1)
multilateral coordination;1;0,45871559633027525;1;multilateral coordination;multilateral coordination (1)
multilateral development;1;0,45871559633027525;1;multilateral development;multilateral development (1)
national law;1;0,45871559633027525;1;national laws;national laws (1)
national priority;1;0,45871559633027525;1;national priorities;national priorities (1)
national regulatory;1;0,45871559633027525;1;national regulatory;national regulatory (1)
national security;1;0,45871559633027525;1;national security;national security (1)
nations system;1;0,45871559633027525;1;nations system;nations system (1)
navigate complex;1;0,45871559633027525;1;navigate complex;navigate complex (1)
necessary knowledge;1;0,45871559633027525;1;necessary knowledge;necessary knowledge (1)
need robust;1;0,45871559633027525;1;need robust;need robust (1)
negative algorithmic;1;0,45871559633027525;1;negative algorithmic;negative algorithmic (1)
negative bias;1;0,45871559633027525;1;negative bias;negative bias (1)
new form;1;0,45871559633027525;1;new forms;new forms (1)
non-military domain;1;0,45871559633027525;1;non-military domain;non-military domain (1)
offer advice;1;0,45871559633027525;1;offer advice;offer advice (1)
online content;1;0,45871559633027525;1;online content;online content (1)
open foundational;1;0,45871559633027525;1;open foundational;open foundational (1)
open innovation;1;0,45871559633027525;1;open innovation;open innovation (1)
open science;1;0,45871559633027525;1;open science;open science (1)
open source;1;0,45871559633027525;1;open source;open source (1)
open-source development;1;0,45871559633027525;1;open-source development;open-source development (1)
opportunity open;1;0,45871559633027525;1;opportunities opened;opportunities opened (1)
particular copyright;1;0,45871559633027525;1;particular copyright;particular copyright (1)
particularly artificial;1;0,45871559633027525;1;particularly artificial;particularly artificial (1)
personalize experience;1;0,45871559633027525;1;personalize experiences;personalize experiences (1)
play field;1;0,45871559633027525;1;playing field;playing field (1)
policy exchange;1;0,45871559633027525;1;policy exchanges;policy exchanges (1)
pose challenge;1;0,45871559633027525;1;pose challenges;pose challenges (1)
pose significant;1;0,45871559633027525;1;poses significant;poses significant (1)
potential risk;1;0,45871559633027525;1;potential risks;potential risks (1)
powerful tool;1;0,45871559633027525;1;powerful tool;powerful tool (1)
practical strategy;1;0,45871559633027525;1;practical strategies;practical strategies (1)
press economic;1;0,45871559633027525;1;pressing economic;pressing economic (1)
prevalent asymmetry;1;0,45871559633027525;1;prevalent asymmetries;prevalent asymmetries (1)
prevent exploitative;1;0,45871559633027525;1;prevent exploitative;prevent exploitative (1)
prioritize human;1;0,45871559633027525;1;prioritize human;prioritize human (1)
private sector;1;0,45871559633027525;1;private sector;private sector (1)
proactive position;1;0,45871559633027525;1;proactive position;proactive position (1)
productive employment;1;0,45871559633027525;1;productive employment;productive employment (1)
promote decent;1;0,45871559633027525;1;promote decent;promote decent (1)
promote economic;1;0,45871559633027525;1;promote economic;promote economic (1)
promote emerge;1;0,45871559633027525;1;promote emerging;promote emerging (1)
promote fair;1;0,45871559633027525;1;promoting fair;promoting fair (1)
promote information;1;0,45871559633027525;1;promote information;promote information (1)
promote sustainable;1;0,45871559633027525;1;promote sustainable;promote sustainable (1)
proprietary right;1;0,45871559633027525;1;proprietary rights;proprietary rights (1)
protect intellectual;1;0,45871559633027525;1;protect intellectual;protect intellectual (1)
provide contribution;1;0,45871559633027525;1;provide contributions;provide contributions (1)
provide standard;1;0,45871559633027525;1;provide standards;provide standards (1)
prudent approach;1;0,45871559633027525;1;prudent approach;prudent approach (1)
public infrastructure;1;0,45871559633027525;1;public infrastructure;public infrastructure (1)
public institution;1;0,45871559633027525;1;public institutions;public institutions (1)
public opinion;1;0,45871559633027525;1;public opinion;public opinion (1)
public sector;1;0,45871559633027525;1;public sector;public sector (1)
quality data;1;0,45871559633027525;1;quality data;quality data (1)
quality dataset;1;0,45871559633027525;1;quality datasets;quality datasets (1)
quickly flag;1;0,45871559633027525;1;quickly flag;quickly flag (1)
rapid growth;1;0,45871559633027525;1;rapid growth;rapid growth (1)
realistic fake;1;0,45871559633027525;1;realistic fake;realistic fake (1)
recognize risk;1;0,45871559633027525;1;recognize risks;recognize risks (1)
regulatory fragmentation;1;0,45871559633027525;1;regulatory fragmentation;regulatory fragmentation (1)
relevant international;1;0,45871559633027525;1;relevant international;relevant international (1)
relevant legislation;1;0,45871559633027525;1;relevant legislation;relevant legislation (1)
remain open;1;0,45871559633027525;1;remain open;remain open (1)
remove barrier;1;0,45871559633027525;1;remove barriers;remove barriers (1)
remuneration mechanism;1;0,45871559633027525;1;remuneration mechanisms;remuneration mechanisms (1)
representative international;1;0,45871559633027525;1;representative international;representative international (1)
require safeguard;1;0,45871559633027525;1;requires safeguarding;requires safeguarding (1)
resource capability;1;0,45871559633027525;1;resource capabilities;resource capabilities (1)
resource management;1;0,45871559633027525;1;resource management;resource management (1)
resource require;1;0,45871559633027525;1;resources required;resources required (1)
respect applicable;1;0,45871559633027525;1;respecting applicable;respecting applicable (1)
respect sovereignty;1;0,45871559633027525;1;respect sovereignty;respect sovereignty (1)
respective role;1;0,45871559633027525;1;respective roles;respective roles (1)
responsible ai;1;0,45871559633027525;1;responsible ai;responsible ai (1)
responsible development;1;0,45871559633027525;1;responsible development;responsible development (1)
rigorous respect;1;0,45871559633027525;1;rigorous respect;rigorous respect (1)
risk management;1;0,45871559633027525;1;risk management;risk management (1)
risk pose;1;0,45871559633027525;1;risks posed;risks posed (1)
risk relate;1;0,45871559633027525;1;risks relating;risks relating (1)
robust infrastructure;1;0,45871559633027525;1;robust infrastructure;robust infrastructure (1)
robust tool;1;0,45871559633027525;1;robust tools;robust tools (1)
safeguard fairness;1;0,45871559633027525;1;safeguard fairness;safeguard fairness (1)
safeguard public;1;0,45871559633027525;1;safeguard public;safeguard public (1)
scientific panel;1;0,45871559633027525;1;scientific panel;scientific panel (1)
secure access;1;0,45871559633027525;1;secure access;secure access (1)
security consideration;1;0,45871559633027525;1;security considerations;security considerations (1)
setting process;1;0,45871559633027525;1;setting processes;setting processes (1)
share approach;1;0,45871559633027525;1;shared approaches;shared approaches (1)
share value;1;0,45871559633027525;1;shared values;shared values (1)
significant threat;1;0,45871559633027525;1;significant threats;significant threats (1)
small company;1;0,45871559633027525;1;smaller companies;smaller companies (1)
social challenge;1;0,45871559633027525;1;social challenges;social challenges (1)
social unrest;1;0,45871559633027525;1;social unrest;social unrest (1)
societal benefit;1;0,45871559633027525;1;societal benefits;societal benefits (1)
society organization;1;0,45871559633027525;1;society organizations;society organizations (1)
specialized un;1;0,45871559633027525;1;specialized un;specialized un (1)
spur innovation;1;0,45871559633027525;1;spur innovation;spur innovation (1)
standard development;1;0,45871559633027525;1;standards development;standards development (1)
standard setting;1;0,45871559633027525;1;standard setting;standard setting (1)
stimulate innovation;1;0,45871559633027525;1;stimulate innovation;stimulate innovation (1)
strengthen ai;1;0,45871559633027525;1;strengthen ai;strengthen ai (1)
strictly refer;1;0,45871559633027525;1;strictly refer;strictly refer (1)
strong sense;1;0,45871559633027525;1;strong sense;strong sense (1)
structural impact;1;0,45871559633027525;1;structural impact;structural impact (1)
supply chain;1;0,45871559633027525;1;supply chains;supply chains (1)
support ai;1;0,45871559633027525;1;support ai;support ai (1)
sustainable practice;1;0,45871559633027525;1;sustainable practices;sustainable practices (1)
sustainable resource;1;0,45871559633027525;1;sustainable resource;sustainable resource (1)
system curate;1;0,45871559633027525;1;systems curate;systems curate (1)
system train;1;0,45871559633027525;1;systems trained;systems trained (1)
technical standard;1;0,45871559633027525;1;technical standards;technical standards (1)
technological advancement;1;0,45871559633027525;1;technological advancements;technological advancements (1)
technological autonomy;1;0,45871559633027525;1;technological autonomy;technological autonomy (1)
technological capacity;1;0,45871559633027525;1;technological capacities;technological capacities (1)
technological cooperation;1;0,45871559633027525;1;technological cooperation;technological cooperation (1)
technological dependence;1;0,45871559633027525;1;technological dependence;technological dependence (1)
technological gap;1;0,45871559633027525;1;technological gaps;technological gaps (1)
thinking skill;1;0,45871559633027525;1;thinking skills;thinking skills (1)
transform human;1;0,45871559633027525;1;transform human;transform human (1)
transparent ai;1;0,45871559633027525;1;transparent ai;transparent ai (1)
transparent market;1;0,45871559633027525;1;transparent market;transparent market (1)
trusted manner;1;0,45871559633027525;1;trusted manner;trusted manner (1)
ultimate authority;1;0,45871559633027525;1;ultimate authority;ultimate authority (1)
un agency;1;0,45871559633027525;1;un agencies;un agencies (1)
un charter;1;0,45871559633027525;1;un charter;un charter (1)
un global;1;0,45871559633027525;1;un global;un global (1)
un initiative;1;0,45871559633027525;1;un initiatives;un initiatives (1)
unauthorized ai;1;0,45871559633027525;1;unauthorized ai;unauthorized ai (1)
underline international;1;0,45871559633027525;1;underline international;underline international (1)
understand embed;1;0,45871559633027525;1;understand embedded;understand embedded (1)
unique expertise;1;0,45871559633027525;1;unique expertise;unique expertise (1)
uphold fundamental;1;0,45871559633027525;1;upholding fundamental;upholding fundamental (1)
use ai;1;0,45871559633027525;1;use ai;use ai (1)
video content;1;0,45871559633027525;1;video content;video content (1)
vulnerable situation;1;0,45871559633027525;1;vulnerable situations;vulnerable situations (1)
waste management;1;0,45871559633027525;1;waste management;waste management (1)
water consumption;1;0,45871559633027525;1;water consumption;water consumption (1)
water resource;1;0,45871559633027525;1;water resources;water resources (1)
welcome contribution;1;0,45871559633027525;1;welcome contributions;welcome contributions (1)
work intensity;1;0,45871559633027525;1;work intensity;work intensity (1)
working condition;1;0,45871559633027525;1;working conditions;working conditions (1)
