;BRICS;OCDE
Unidades (parágrafos/itens);25,0;56,0
Unidades sem nenhum token;0,0;0,0
Tokens (palavras);2180,0;1955,0
Formas distintas;726,0;644,0
Tokens de conteúdo;1358,0;1129,0
Tokens de conteúdo (% dos tokens);62,293577981651374;57,749360613810744
Lemas de conteúdo distintos;580,0;496,0
Lemas de conteúdo com uma única ocorrência;349,0;304,0
Tokens por unidade: média;87,2;34,910714285714285
Tokens por unidade: mediana;86,0;33,0
Tokens por unidade: mínimo;32,0;2,0
Tokens por unidade: máximo;129,0;88,0
