lema;freq_BRICS;freq_OCDE;por_1000_BRICS;por_1000_OCDE;freq_combinada;G2;p_valor;log_ratio;presenca
country;18;1;8,256880733944955;0,5115089514066495;19;16,708744606301494;4,357965976787976e-05;4,012765473972738;ambos
lifecycle;0;8;0,0;4,092071611253196;8;11,985554160613209;0,000536145460268129;-4,157159527469574;só OCDE
system;10;29;4,587155963302752;14,83375959079284;39;11,847934466700007;0,0005772533855246044;-1,6932124277097838;ambos
actor;1;11;0,45871559633027525;5,626598465473146;12;10,876398280844622;0,0009739746803663954;-3,6165911461068716;ambos
recommendation;1;11;0,45871559633027525;5,626598465473146;12;10,876398280844622;0,0009739746803663954;-3,6165911461068716;ambos
trustworthy;1;11;0,45871559633027525;5,626598465473146;12;10,876398280844622;0,0009739746803663954;-3,6165911461068716;ambos
principle;0;7;0,0;3,5805626598465476;7;10,487359890536558;0,001201939978209239;-3,964514449527178;só OCDE
regard;0;7;0,0;3,5805626598465476;7;10,487359890536558;0,001201939978209239;-3,964514449527178;só OCDE
government;2;13;0,9174311926605505;6,649616368286445;15;10,25694130086853;0,0013617126330216496;-2,857599245610666;ambos
appropriate;1;10;0,45871559633027525;5,115089514066496;11;9,560273462432585;0,0019883348611219515;-3,4790876223569365;ambos
stakeholder;2;12;0,9174311926605505;6,138107416879795;14;9,055724135542992;0,0026187366818815096;-2,7421220281907304;ambos
context;0;6;0,0;3,0690537084398977;6;8,989165620459907;0,002715849773757694;-3,7421220281907304;só OCDE
follow;0;6;0,0;3,0690537084398977;6;8,989165620459907;0,002715849773757694;-3,7421220281907304;só OCDE
recognise;0;6;0,0;3,0690537084398977;6;8,989165620459907;0,002715849773757694;-3,7421220281907304;só OCDE
equitable;7;0;3,211009174311927;0,0;7;8,962274323445198;0,0027561157712954615;3,6501953945880303;só BRICS
technology;14;2;6,422018348623854;1,023017902813299;16;8,864292026837722;0,0029080301197089496;2,6501953945880303;ambos
inclusive;13;2;5,963302752293578;1,023017902813299;15;7,860378266867817;0,005052982008883993;2,5432801906715183;ambos
avoid;6;0;2,7522935779816518;0,0;6;7,681949420095883;0,005577588367064564;3,4278029732515822;só BRICS
technological;6;0;2,7522935779816518;0,0;6;7,681949420095883;0,005577588367064564;3,4278029732515822;só BRICS
consistent;0;5;0,0;2,557544757033248;5;7,490971350383254;0,006200909867676443;-3,4790876223569365;só OCDE
implementation;0;5;0,0;2,557544757033248;5;7,490971350383254;0,006200909867676443;-3,4790876223569365;só OCDE
policy;3;12;1,3761467889908259;6,138107416879795;15;6,807233244822119;0,009078933046644947;-2,157159527469574;ambos
governance;16;4;7,339449541284404;2,046035805626598;20;6,461878592368115;0,011021306593485254;1,8428404725304262;ambos
develop;18;5;8,256880733944955;2,557544757033248;23;6,451848086532956;0,011083699134467585;1,690837379085376;ambos
critical;5;0;2,293577981651376;0,0;5;6,401624516746571;0,011401598849465183;3,164768567417789;só BRICS
establish;5;0;2,293577981651376;0,0;5;6,401624516746571;0,011401598849465183;3,164768567417789;só BRICS
guideline;5;0;2,293577981651376;0,0;5;6,401624516746571;0,011401598849465183;3,164768567417789;só BRICS
local;5;0;2,293577981651376;0,0;5;6,401624516746571;0,011401598849465183;3,164768567417789;só BRICS
mitigate;5;0;2,293577981651376;0,0;5;6,401624516746571;0,011401598849465183;3,164768567417789;só BRICS
art;0;4;0,0;2,046035805626598;4;5,992777080306604;0,014364570458097036;-3,157159527469574;só OCDE
decision;0;4;0,0;2,046035805626598;4;5,992777080306604;0,014364570458097036;-3,157159527469574;só OCDE
freedom;0;4;0,0;2,046035805626598;4;5,992777080306604;0,014364570458097036;-3,157159527469574;só OCDE
implement;0;4;0,0;2,046035805626598;4;5,992777080306604;0,014364570458097036;-3,157159527469574;só OCDE
implication;0;4;0,0;2,046035805626598;4;5,992777080306604;0,014364570458097036;-3,157159527469574;só OCDE
investment;0;4;0,0;2,046035805626598;4;5,992777080306604;0,014364570458097036;-3,157159527469574;só OCDE
labour;0;4;0,0;2,046035805626598;4;5,992777080306604;0,014364570458097036;-3,157159527469574;só OCDE
phase;0;4;0,0;2,046035805626598;4;5,992777080306604;0,014364570458097036;-3,157159527469574;só OCDE
state;0;4;0,0;2,046035805626598;4;5,992777080306604;0,014364570458097036;-3,157159527469574;só OCDE
stewardship;0;4;0,0;2,046035805626598;4;5,992777080306604;0,014364570458097036;-3,157159527469574;só OCDE
economy;8;1;3,669724770642202;0,5115089514066495;9;5,461815771696591;0,019436439030884572;2,842840472530426;ambos
domestic;4;0;1,834862385321101;0,0;4;5,121299613397257;0,0236339103992537;2,842840472530426;só BRICS
interest;4;0;1,834862385321101;0,0;4;5,121299613397257;0,0236339103992537;2,842840472530426;só BRICS
organization;4;0;1,834862385321101;0,0;4;5,121299613397257;0,0236339103992537;2,842840472530426;só BRICS
regulation;4;0;1,834862385321101;0,0;4;5,121299613397257;0,0236339103992537;2,842840472530426;só BRICS
transparent;4;0;1,834862385321101;0,0;4;5,121299613397257;0,0236339103992537;2,842840472530426;só BRICS
un;4;0;1,834862385321101;0,0;4;5,121299613397257;0,0236339103992537;2,842840472530426;só BRICS
digital;18;6;8,256880733944955;3,0690537084398977;24;5,042926939044758;0,024726677560112802;1,427802973251582;ambos
innovation;12;3;5,5045871559633035;1,5345268542199488;15;4,846408944276084;0,02770375150502939;1,842840472530426;ambos
work;3;10;1,3761467889908259;5,115089514066496;13;4,7776097087040705;0,028832114894778844;-1,8941251216357804;ambos
include;10;20;4,587155963302752;10,230179028132993;30;4,576284337337395;0,032417436473944745;-1,157159527469574;ambos
consider;1;6;0,45871559633027525;3,0690537084398977;7;4,527862067771496;0,03334725298751628;-2,7421220281907304;ambos
adherents;0;3;0,0;1,5345268542199488;3;4,494582810229954;0,03400240946269548;-2,7421220281907304;só OCDE
business;0;3;0,0;1,5345268542199488;3;4,494582810229954;0,03400240946269548;-2,7421220281907304;só OCDE
co-operation;0;3;0,0;1,5345268542199488;3;4,494582810229954;0,03400240946269548;-2,7421220281907304;só OCDE
committee;0;3;0,0;1,5345268542199488;3;4,494582810229954;0,03400240946269548;-2,7421220281907304;só OCDE
end;0;3;0,0;1,5345268542199488;3;4,494582810229954;0,03400240946269548;-2,7421220281907304;só OCDE
organisation;0;3;0,0;1,5345268542199488;3;4,494582810229954;0,03400240946269548;-2,7421220281907304;só OCDE
benefit;7;1;3,211009174311927;0,5115089514066495;8;4,432146013418861;0,035268137596854696;2,6501953945880303;ambos
accordance;3;0;1,3761467889908259;0,0;3;3,8409747100479414;0,050014438120786354;2,4278029732515822;só BRICS
accountability;3;0;1,3761467889908259;0,0;3;3,8409747100479414;0,050014438120786354;2,4278029732515822;só BRICS
agi;3;0;1,3761467889908259;0,0;3;3,8409747100479414;0,050014438120786354;2,4278029732515822;só BRICS
allow;3;0;1,3761467889908259;0,0;3;3,8409747100479414;0,050014438120786354;2,4278029732515822;só BRICS
barrier;3;0;1,3761467889908259;0,0;3;3,8409747100479414;0,050014438120786354;2,4278029732515822;só BRICS
brics;3;0;1,3761467889908259;0,0;3;3,8409747100479414;0,050014438120786354;2,4278029732515822;só BRICS
collaborative;3;0;1,3761467889908259;0,0;3;3,8409747100479414;0,050014438120786354;2,4278029732515822;só BRICS
cooperation;3;0;1,3761467889908259;0,0;3;3,8409747100479414;0,050014438120786354;2,4278029732515822;só BRICS
create;3;0;1,3761467889908259;0,0;3;3,8409747100479414;0,050014438120786354;2,4278029732515822;só BRICS
decision-making;3;0;1,3761467889908259;0,0;3;3,8409747100479414;0,050014438120786354;2,4278029732515822;só BRICS
education;3;0;1,3761467889908259;0,0;3;3,8409747100479414;0,050014438120786354;2,4278029732515822;só BRICS
emdc;3;0;1,3761467889908259;0,0;3;3,8409747100479414;0,050014438120786354;2,4278029732515822;só BRICS
emerge;3;0;1,3761467889908259;0,0;3;3,8409747100479414;0,050014438120786354;2,4278029732515822;só BRICS
emission;3;0;1,3761467889908259;0,0;3;3,8409747100479414;0,050014438120786354;2,4278029732515822;só BRICS
especially;3;0;1,3761467889908259;0,0;3;3,8409747100479414;0,050014438120786354;2,4278029732515822;só BRICS
harness;3;0;1,3761467889908259;0,0;3;3,8409747100479414;0,050014438120786354;2,4278029732515822;só BRICS
importance;3;0;1,3761467889908259;0,0;3;3,8409747100479414;0,050014438120786354;2,4278029732515822;só BRICS
line;3;0;1,3761467889908259;0,0;3;3,8409747100479414;0,050014438120786354;2,4278029732515822;só BRICS
participation;3;0;1,3761467889908259;0,0;3;3,8409747100479414;0,050014438120786354;2,4278029732515822;só BRICS
particularly;3;0;1,3761467889908259;0,0;3;3,8409747100479414;0,050014438120786354;2,4278029732515822;só BRICS
seek;3;0;1,3761467889908259;0,0;3;3,8409747100479414;0,050014438120786354;2,4278029732515822;só BRICS
sovereignty;3;0;1,3761467889908259;0,0;3;3,8409747100479414;0,050014438120786354;2,4278029732515822;só BRICS
view;3;0;1,3761467889908259;0,0;3;3,8409747100479414;0,050014438120786354;2,4278029732515822;só BRICS
responsible;3;9;1,3761467889908259;4,603580562659846;12;3,8286796698864007;0,05038260621949267;-1,7421220281907301;ambos
effort;6;1;2,7522935779816518;0,5115089514066495;7;3,4385152341348073;0,06369290777589935;2,4278029732515822;ambos
growth;6;1;2,7522935779816518;0,5115089514066495;7;3,4385152341348073;0,06369290777589935;2,4278029732515822;ambos
safeguard;6;1;2,7522935779816518;0,5115089514066495;7;3,4385152341348073;0,06369290777589935;2,4278029732515822;ambos
development;26;13;11,926605504587156;6,649616368286445;39;3,1168678710832314;0,07748559020214957;0,8428404725304259;ambos
international;15;6;6,8807339449541285;3,0690537084398977;21;3,066716450118811;0,07991072752269389;1,1647685674177883;ambos
accord;0;2;0,0;1,023017902813299;2;2,996388540153302;0,0834503456576214;-2,157159527469574;só OCDE
account;0;2;0,0;1,023017902813299;2;2,996388540153302;0,0834503456576214;-2,157159527469574;só OCDE
activity;0;2;0,0;1,023017902813299;2;2,996388540153302;0,0834503456576214;-2,157159527469574;só OCDE
adhere;0;2;0,0;1,023017902813299;2;2,996388540153302;0,0834503456576214;-2,157159527469574;só OCDE
assess;0;2;0,0;1,023017902813299;2;2,996388540153302;0,0834503456576214;-2,157159527469574;só OCDE
beneficial;0;2;0,0;1,023017902813299;2;2,996388540153302;0,0834503456576214;-2,157159527469574;só OCDE
co-operate;0;2;0,0;1,023017902813299;2;2,996388540153302;0,0834503456576214;-2,157159527469574;só OCDE
consumer;0;2;0,0;1,023017902813299;2;2,996388540153302;0,0834503456576214;-2,157159527469574;só OCDE
council;0;2;0,0;1,023017902813299;2;2,996388540153302;0,0834503456576214;-2,157159527469574;só OCDE
decommission;0;2;0,0;1,023017902813299;2;2,996388540153302;0,0834503456576214;-2,157159527469574;só OCDE
effect;0;2;0,0;1,023017902813299;2;2,996388540153302;0,0834503456576214;-2,157159527469574;só OCDE
engage;0;2;0,0;1,023017902813299;2;2,996388540153302;0,0834503456576214;-2,157159527469574;só OCDE
expression;0;2;0,0;1,023017902813299;2;2,996388540153302;0,0834503456576214;-2,157159527469574;só OCDE
factor;0;2;0,0;1,023017902813299;2;2,996388540153302;0,0834503456576214;-2,157159527469574;só OCDE
feasible;0;2;0,0;1,023017902813299;2;2,996388540153302;0,0834503456576214;-2,157159527469574;só OCDE
harmful;0;2;0,0;1,023017902813299;2;2,996388540153302;0,0834503456576214;-2,157159527469574;só OCDE
important;0;2;0,0;1,023017902813299;2;2,996388540153302;0,0834503456576214;-2,157159527469574;só OCDE
internationally;0;2;0,0;1,023017902813299;2;2,996388540153302;0,0834503456576214;-2,157159527469574;só OCDE
issue;0;2;0,0;1,023017902813299;2;2,996388540153302;0,0834503456576214;-2,157159527469574;só OCDE
objective;0;2;0,0;1,023017902813299;2;2,996388540153302;0,0834503456576214;-2,157159527469574;só OCDE
oecd;0;2;0,0;1,023017902813299;2;2,996388540153302;0,0834503456576214;-2,157159527469574;só OCDE
prediction;0;2;0,0;1,023017902813299;2;2,996388540153302;0,0834503456576214;-2,157159527469574;só OCDE
programme;0;2;0,0;1,023017902813299;2;2,996388540153302;0,0834503456576214;-2,157159527469574;só OCDE
progress;0;2;0,0;1,023017902813299;2;2,996388540153302;0,0834503456576214;-2,157159527469574;só OCDE
purpose;0;2;0,0;1,023017902813299;2;2,996388540153302;0,0834503456576214;-2,157159527469574;só OCDE
recommend;0;2;0,0;1,023017902813299;2;2,996388540153302;0,0834503456576214;-2,157159527469574;só OCDE
relevance;0;2;0,0;1,023017902813299;2;2,996388540153302;0,0834503456576214;-2,157159527469574;só OCDE
retire;0;2;0,0;1,023017902813299;2;2,996388540153302;0,0834503456576214;-2,157159527469574;só OCDE
sharing;0;2;0,0;1,023017902813299;2;2,996388540153302;0,0834503456576214;-2,157159527469574;só OCDE
test;0;2;0,0;1,023017902813299;2;2,996388540153302;0,0834503456576214;-2,157159527469574;só OCDE
trustworthiness;0;2;0,0;1,023017902813299;2;2,996388540153302;0,0834503456576214;-2,157159527469574;só OCDE
world;0;2;0,0;1,023017902813299;2;2,996388540153302;0,0834503456576214;-2,157159527469574;só OCDE
year;0;2;0,0;1,023017902813299;2;2,996388540153302;0,0834503456576214;-2,157159527469574;só OCDE
accessible;2;0;0,9174311926605505;0,0;2;2,5606498066986285;0,10955354538577926;1,8428404725304262;só BRICS
acknowledge;2;0;0,9174311926605505;0,0;2;2,5606498066986285;0,10955354538577926;1,8428404725304262;só BRICS
algorithmic;2;0;0,9174311926605505;0,0;2;2,5606498066986285;0,10955354538577926;1,8428404725304262;só BRICS
asymmetry;2;0;0,9174311926605505;0,0;2;2,5606498066986285;0,10955354538577926;1,8428404725304262;só BRICS
audit;2;0;0,9174311926605505;0,0;2;2,5606498066986285;0,10955354538577926;1,8428404725304262;só BRICS
balance;2;0;0,9174311926605505;0,0;2;2,5606498066986285;0,10955354538577926;1,8428404725304262;só BRICS
balanced;2;0;0,9174311926605505;0,0;2;2,5606498066986285;0,10955354538577926;1,8428404725304262;só BRICS
central;2;0;0,9174311926605505;0,0;2;2,5606498066986285;0,10955354538577926;1,8428404725304262;só BRICS
citizen;2;0;0,9174311926605505;0,0;2;2,5606498066986285;0,10955354538577926;1,8428404725304262;só BRICS
collaboration;2;0;0,9174311926605505;0,0;2;2,5606498066986285;0,10955354538577926;1,8428404725304262;só BRICS
collective;2;0;0,9174311926605505;0,0;2;2,5606498066986285;0,10955354538577926;1,8428404725304262;só BRICS
collectively;2;0;0,9174311926605505;0,0;2;2,5606498066986285;0,10955354538577926;1,8428404725304262;só BRICS
common;2;0;0,9174311926605505;0,0;2;2,5606498066986285;0,10955354538577926;1,8428404725304262;só BRICS
communication;2;0;0,9174311926605505;0,0;2;2,5606498066986285;0,10955354538577926;1,8428404725304262;só BRICS
company;2;0;0,9174311926605505;0,0;2;2,5606498066986285;0,10955354538577926;1,8428404725304262;só BRICS
complex;2;0;0,9174311926605505;0,0;2;2,5606498066986285;0,10955354538577926;1,8428404725304262;só BRICS
compliance;2;0;0,9174311926605505;0,0;2;2,5606498066986285;0,10955354538577926;1,8428404725304262;só BRICS
consideration;2;0;0,9174311926605505;0,0;2;2,5606498066986285;0,10955354538577926;1,8428404725304262;só BRICS
contribution;2;0;0,9174311926605505;0,0;2;2,5606498066986285;0,10955354538577926;1,8428404725304262;só BRICS
cultural;2;0;0,9174311926605505;0,0;2;2,5606498066986285;0,10955354538577926;1,8428404725304262;só BRICS
decent;2;0;0,9174311926605505;0,0;2;2,5606498066986285;0,10955354538577926;1,8428404725304262;só BRICS
developed;2;0;0,9174311926605505;0,0;2;2,5606498066986285;0,10955354538577926;1,8428404725304262;só BRICS
effective;2;0;0,9174311926605505;0,0;2;2,5606498066986285;0,10955354538577926;1,8428404725304262;só BRICS
employment;2;0;0,9174311926605505;0,0;2;2,5606498066986285;0,10955354538577926;1,8428404725304262;só BRICS
energy;2;0;0,9174311926605505;0,0;2;2,5606498066986285;0,10955354538577926;1,8428404725304262;só BRICS
fragmentation;2;0;0,9174311926605505;0,0;2;2,5606498066986285;0,10955354538577926;1,8428404725304262;só BRICS
fundamental;2;0;0,9174311926605505;0,0;2;2,5606498066986285;0,10955354538577926;1,8428404725304262;só BRICS
gap;2;0;0,9174311926605505;0,0;2;2,5606498066986285;0,10955354538577926;1,8428404725304262;só BRICS
identify;2;0;0,9174311926605505;0,0;2;2,5606498066986285;0,10955354538577926;1,8428404725304262;só BRICS
impact;2;0;0,9174311926605505;0,0;2;2,5606498066986285;0,10955354538577926;1,8428404725304262;só BRICS
independent;2;0;0,9174311926605505;0,0;2;2,5606498066986285;0,10955354538577926;1,8428404725304262;só BRICS
landscape;2;0;0,9174311926605505;0,0;2;2,5606498066986285;0,10955354538577926;1,8428404725304262;só BRICS
legislation;2;0;0,9174311926605505;0,0;2;2,5606498066986285;0,10955354538577926;1,8428404725304262;só BRICS
literacy;2;0;0,9174311926605505;0,0;2;2,5606498066986285;0,10955354538577926;1,8428404725304262;só BRICS
low;2;0;0,9174311926605505;0,0;2;2,5606498066986285;0,10955354538577926;1,8428404725304262;só BRICS
manipulation;2;0;0,9174311926605505;0,0;2;2,5606498066986285;0,10955354538577926;1,8428404725304262;só BRICS
material;2;0;0,9174311926605505;0,0;2;2,5606498066986285;0,10955354538577926;1,8428404725304262;só BRICS
multilateral;2;0;0,9174311926605505;0,0;2;2,5606498066986285;0,10955354538577926;1,8428404725304262;só BRICS
negative;2;0;0,9174311926605505;0,0;2;2,5606498066986285;0,10955354538577926;1,8428404725304262;só BRICS
particular;2;0;0,9174311926605505;0,0;2;2,5606498066986285;0,10955354538577926;1,8428404725304262;só BRICS
perspective;2;0;0,9174311926605505;0,0;2;2,5606498066986285;0,10955354538577926;1,8428404725304262;só BRICS
platform;2;0;0,9174311926605505;0,0;2;2,5606498066986285;0,10955354538577926;1,8428404725304262;só BRICS
prerequisite;2;0;0,9174311926605505;0,0;2;2,5606498066986285;0,10955354538577926;1,8428404725304262;só BRICS
protocol;2;0;0,9174311926605505;0,0;2;2,5606498066986285;0,10955354538577926;1,8428404725304262;só BRICS
reaffirm;2;0;0,9174311926605505;0,0;2;2,5606498066986285;0,10955354538577926;1,8428404725304262;só BRICS
recognize;2;0;0,9174311926605505;0,0;2;2,5606498066986285;0,10955354538577926;1,8428404725304262;só BRICS
represent;2;0;0,9174311926605505;0,0;2;2,5606498066986285;0,10955354538577926;1,8428404725304262;só BRICS
responsibly;2;0;0,9174311926605505;0,0;2;2,5606498066986285;0,10955354538577926;1,8428404725304262;só BRICS
scientific;2;0;0,9174311926605505;0,0;2;2,5606498066986285;0,10955354538577926;1,8428404725304262;só BRICS
south;2;0;0,9174311926605505;0,0;2;2,5606498066986285;0,10955354538577926;1,8428404725304262;só BRICS
specialized;2;0;0,9174311926605505;0,0;2;2,5606498066986285;0,10955354538577926;1,8428404725304262;só BRICS
strategy;2;0;0,9174311926605505;0,0;2;2,5606498066986285;0,10955354538577926;1,8428404725304262;só BRICS
talent;2;0;0,9174311926605505;0,0;2;2,5606498066986285;0,10955354538577926;1,8428404725304262;só BRICS
threat;2;0;0,9174311926605505;0,0;2;2,5606498066986285;0,10955354538577926;1,8428404725304262;só BRICS
uphold;2;0;0,9174311926605505;0,0;2;2,5606498066986285;0,10955354538577926;1,8428404725304262;só BRICS
waste;2;0;0,9174311926605505;0,0;2;2,5606498066986285;0,10955354538577926;1,8428404725304262;só BRICS
water;2;0;0,9174311926605505;0,0;2;2,5606498066986285;0,10955354538577926;1,8428404725304262;só BRICS
provide;2;6;0,9174311926605505;3,0690537084398977;8;2,552453113257602;0,1101231507549198;-1,7421220281907301;ambos
need;9;3;4,128440366972478;1,5345268542199488;12;2,521463469522379;0,11230631438147136;1,427802973251582;ambos
build;5;1;2,293577981651376;0,5115089514066495;6;2,493084280427563;0,11434744051922723;2,164768567417789;ambos
capacity;5;1;2,293577981651376;0,5115089514066495;6;2,493084280427563;0,11434744051922723;2,164768567417789;ambos
transparency;5;1;2,293577981651376;0,5115089514066495;6;2,493084280427563;0,11434744051922723;2,164768567417789;ambos
ai;66;77;30,275229357798167;39,38618925831202;143;2,4692990755788635;0,11608968359175233;-0,379551948806022;ambos
society;1;4;0,45871559633027525;2,046035805626598;5;2,2690777482740394;0,13197841982495295;-2,157159527469574;ambos
environment;3;7;1,3761467889908259;3,5805626598465476;10;2,111048559486629;0,14623908396247742;-1,379551948806022;ambos
framework;10;4;4,587155963302752;2,046035805626598;14;2,0444776334125407;0,15275941142197338;1,1647685674177886;ambos
ensure;11;5;5,045871559633028;2,557544757033248;16;1,6997813014578664;0,19231658059303047;0,9803439962803607;ambos
access;6;2;2,7522935779816518;1,023017902813299;8;1,6809756463482524;0,19479486250347372;1,4278029732515825;ambos
enhance;6;2;2,7522935779816518;1,023017902813299;8;1,6809756463482524;0,19479486250347372;1,4278029732515825;ambos
fair;6;2;2,7522935779816518;1,023017902813299;8;1,6809756463482524;0,19479486250347372;1,4278029732515825;ambos
market;6;2;2,7522935779816518;1,023017902813299;8;1,6809756463482524;0,19479486250347372;1,4278029732515825;ambos
national;6;2;2,7522935779816518;1,023017902813299;8;1,6809756463482524;0,19479486250347372;1,4278029732515825;ambos
knowledge;2;5;0,9174311926605505;2,557544757033248;7;1,675846916888283;0,19547721481958796;-1,4790876223569365;ambos
applicable;4;1;1,834862385321101;0,5115089514066495;5;1,6154696480920288;0,2037246393447465;1,8428404725304262;ambos
infrastructure;4;1;1,834862385321101;0,5115089514066495;5;1,6154696480920288;0,2037246393447465;1,8428404725304262;ambos
lead;4;1;1,834862385321101;0,5115089514066495;5;1,6154696480920288;0,2037246393447465;1,8428404725304262;ambos
meaningful;4;1;1,834862385321101;0,5115089514066495;5;1,6154696480920288;0,2037246393447465;1,8428404725304262;ambos
model;4;1;1,834862385321101;0,5115089514066495;5;1,6154696480920288;0,2037246393447465;1,8428404725304262;ambos
tool;4;1;1,834862385321101;0,5115089514066495;5;1,6154696480920288;0,2037246393447465;1,8428404725304262;ambos
active;0;1;0,0;0,5115089514066495;1;1,498194270076651;0,22094941212573868;-1,1571595274695738;só OCDE
actively;0;1;0,0;0,5115089514066495;1;1,498194270076651;0,22094941212573868;-1,1571595274695738;só OCDE
adaptiveness;0;1;0,0;0,5115089514066495;1;1,498194270076651;0,22094941212573868;-1,1571595274695738;só OCDE
adverse;0;1;0,0;0,5115089514066495;1;1,498194270076651;0,22094941212573868;-1,1571595274695738;só OCDE
adversely;0;1;0,0;0,5115089514066495;1;1,498194270076651;0,22094941212573868;-1,1571595274695738;só OCDE
agenda;0;1;0,0;0,5115089514066495;1;1,498194270076651;0,22094941212573868;-1,1571595274695738;só OCDE
agile;0;1;0,0;0,5115089514066495;1;1,498194270076651;0,22094941212573868;-1,1571595274695738;só OCDE
ai-related;0;1;0,0;0,5115089514066495;1;1,498194270076651;0,22094941212573868;-1,1571595274695738;só OCDE
aim;0;1;0,0;0,5115089514066495;1;1,498194270076651;0,22094941212573868;-1,1571595274695738;só OCDE
alia;0;1;0,0;0,5115089514066495;1;1,498194270076651;0,22094941212573868;-1,1571595274695738;só OCDE
amplify;0;1;0,0;0,5115089514066495;1;1,498194270076651;0,22094941212573868;-1,1571595274695738;só OCDE
analysis;0;1;0,0;0,5115089514066495;1;1,498194270076651;0,22094941212573868;-1,1571595274695738;só OCDE
appropriately;0;1;0,0;0,5115089514066495;1;1,498194270076651;0,22094941212573868;-1,1571595274695738;só OCDE
appropriateness;0;1;0,0;0,5115089514066495;1;1,498194270076651;0,22094941212573868;-1,1571595274695738;só OCDE
area;0;1;0,0;0,5115089514066495;1;1,498194270076651;0,22094941212573868;-1,1571595274695738;só OCDE
arise;0;1;0,0;0,5115089514066495;1;1,498194270076651;0,22094941212573868;-1,1571595274695738;só OCDE
article;0;1;0,0;0,5115089514066495;1;1,498194270076651;0,22094941212573868;-1,1571595274695738;só OCDE
assembly;0;1;0,0;0,5115089514066495;1;1,498194270076651;0,22094941212573868;-1,1571595274695738;só OCDE
associate;0;1;0,0;0,5115089514066495;1;1,498194270076651;0,22094941212573868;-1,1571595274695738;só OCDE
attention;0;1;0,0;0,5115089514066495;1;1,498194270076651;0,22094941212573868;-1,1571595274695738;só OCDE
aware;0;1;0,0;0,5115089514066495;1;1,498194270076651;0,22094941212573868;-1,1571595274695738;só OCDE
basis;0;1;0,0;0,5115089514066495;1;1,498194270076651;0,22094941212573868;-1,1571595274695738;só OCDE
behaviour;0;1;0,0;0,5115089514066495;1;1,498194270076651;0,22094941212573868;-1,1571595274695738;só OCDE
bolster;0;1;0,0;0,5115089514066495;1;1,498194270076651;0,22094941212573868;-1,1571595274695738;só OCDE
breadth;0;1;0,0;0,5115089514066495;1;1,498194270076651;0,22094941212573868;-1,1571595274695738;só OCDE
broadly;0;1;0,0;0,5115089514066495;1;1,498194270076651;0,22094941212573868;-1,1571595274695738;só OCDE
building;0;1;0,0;0,5115089514066495;1;1,498194270076651;0,22094941212573868;-1,1571595274695738;só OCDE
capture;0;1;0,0;0,5115089514066495;1;1,498194270076651;0,22094941212573868;-1,1571595274695738;só OCDE
carry;0;1;0,0;0,5115089514066495;1;1,498194270076651;0,22094941212573868;-1,1571595274695738;só OCDE
cause;0;1;0,0;0,5115089514066495;1;1,498194270076651;0,22094941212573868;-1,1571595274695738;só OCDE
certain;0;1;0,0;0,5115089514066495;1;1,498194270076651;0,22094941212573868;-1,1571595274695738;só OCDE
code;0;1;0,0;0,5115089514066495;1;1,498194270076651;0,22094941212573868;-1,1571595274695738;só OCDE
collect;0;1;0,0;0,5115089514066495;1;1,498194270076651;0,22094941212573868;-1,1571595274695738;só OCDE
commit;0;1;0,0;0,5115089514066495;1;1,498194270076651;0,22094941212573868;-1,1571595274695738;só OCDE
comparable;0;1;0,0;0,5115089514066495;1;1,498194270076651;0,22094941212573868;-1,1571595274695738;só OCDE
competitive;0;1;0,0;0,5115089514066495;1;1,498194270076651;0,22094941212573868;-1,1571595274695738;só OCDE
computational;0;1;0,0;0,5115089514066495;1;1,498194270076651;0,22094941212573868;-1,1571595274695738;só OCDE
consensus-driven;0;1;0,0;0,5115089514066495;1;1,498194270076651;0,22094941212573868;-1,1571595274695738;só OCDE
consultation;0;1;0,0;0,5115089514066495;1;1,498194270076651;0,22094941212573868;-1,1571595274695738;só OCDE
continued;0;1;0,0;0,5115089514066495;1;1,498194270076651;0,22094941212573868;-1,1571595274695738;só OCDE
control;0;1;0,0;0,5115089514066495;1;1,498194270076651;0,22094941212573868;-1,1571595274695738;só OCDE
convention;0;1;0,0;0,5115089514066495;1;1,498194270076651;0,22094941212573868;-1,1571595274695738;só OCDE
creativity;0;1;0,0;0,5115089514066495;1;1,498194270076651;0,22094941212573868;-1,1571595274695738;só OCDE
cross-sectoral;0;1;0,0;0,5115089514066495;1;1,498194270076651;0,22094941212573868;-1,1571595274695738;só OCDE
december;0;1;0,0;0,5115089514066495;1;1,498194270076651;0,22094941212573868;-1,1571595274695738;só OCDE
declaration;0;1;0,0;0,5115089514066495;1;1,498194270076651;0,22094941212573868;-1,1571595274695738;só OCDE
democracy;0;1;0,0;0,5115089514066495;1;1,498194270076651;0,22094941212573868;-1,1571595274695738;só OCDE
democratic;0;1;0,0;0,5115089514066495;1;1,498194270076651;0,22094941212573868;-1,1571595274695738;só OCDE
diffusion;0;1;0,0;0,5115089514066495;1;1,498194270076651;0,22094941212573868;-1,1571595274695738;só OCDE
disclosure;0;1;0,0;0,5115089514066495;1;1,498194270076651;0,22094941212573868;-1,1571595274695738;só OCDE
disparate;0;1;0,0;0,5115089514066495;1;1,498194270076651;0,22094941212573868;-1,1571595274695738;só OCDE
disseminate;0;1;0,0;0,5115089514066495;1;1,498194270076651;0,22094941212573868;-1,1571595274695738;só OCDE
easy-to-understand;0;1;0,0;0,5115089514066495;1;1,498194270076651;0,22094941212573868;-1,1571595274695738;só OCDE
embrace;0;1;0,0;0,5115089514066495;1;1,498194270076651;0,22094941212573868;-1,1571595274695738;só OCDE
encompass;0;1;0,0;0,5115089514066495;1;1,498194270076651;0,22094941212573868;-1,1571595274695738;só OCDE
enterprise;0;1;0,0;0,5115089514066495;1;1,498194270076651;0,22094941212573868;-1,1571595274695738;só OCDE
entire;0;1;0,0;0,5115089514066495;1;1,498194270076651;0,22094941212573868;-1,1571595274695738;só OCDE
entrepreneurship;0;1;0,0;0,5115089514066495;1;1,498194270076651;0,22094941212573868;-1,1571595274695738;só OCDE
equality;0;1;0,0;0,5115089514066495;1;1,498194270076651;0,22094941212573868;-1,1571595274695738;só OCDE
equip;0;1;0,0;0,5115089514066495;1;1,498194270076651;0,22094941212573868;-1,1571595274695738;só OCDE
essential;0;1;0,0;0,5115089514066495;1;1,498194270076651;0,22094941212573868;-1,1571595274695738;só OCDE
evidence;0;1;0,0;0,5115089514066495;1;1,498194270076651;0,22094941212573868;-1,1571595274695738;só OCDE
evidence-based;0;1;0,0;0,5115089514066495;1;1,498194270076651;0,22094941212573868;-1,1571595274695738;só OCDE
evolve;0;1;0,0;0,5115089514066495;1;1,498194270076651;0,22094941212573868;-1,1571595274695738;só OCDE
exhibit;0;1;0,0;0,5115089514066495;1;1,498194270076651;0,22094941212573868;-1,1571595274695738;só OCDE
experimentation;0;1;0,0;0,5115089514066495;1;1,498194270076651;0,22094941212573868;-1,1571595274695738;só OCDE
explicit;0;1;0,0;0,5115089514066495;1;1,498194270076651;0,22094941212573868;-1,1571595274695738;só OCDE
fairly;0;1;0,0;0,5115089514066495;1;1,498194270076651;0,22094941212573868;-1,1571595274695738;só OCDE
far-reaching;0;1;0,0;0,5115089514066495;1;1,498194270076651;0,22094941212573868;-1,1571595274695738;só OCDE
flexibility;0;1;0,0;0,5115089514066495;1;1,498194270076651;0,22094941212573868;-1,1571595274695738;só OCDE
following;0;1;0,0;0,5115089514066495;1;1,498194270076651;0,22094941212573868;-1,1571595274695738;só OCDE
foresee;0;1;0,0;0,5115089514066495;1;1,498194270076651;0,22094941212573868;-1,1571595274695738;só OCDE
foreseeable;0;1;0,0;0,5115089514066495;1;1,498194270076651;0,22094941212573868;-1,1571595274695738;só OCDE
forum;0;1;0,0;0,5115089514066495;1;1,498194270076651;0,22094941212573868;-1,1571595274695738;só OCDE
free;0;1;0,0;0,5115089514066495;1;1,498194270076651;0,22094941212573868;-1,1571595274695738;só OCDE
function;0;1;0,0;0,5115089514066495;1;1,498194270076651;0,22094941212573868;-1,1571595274695738;só OCDE
functioning;0;1;0,0;0,5115089514066495;1;1,498194270076651;0,22094941212573868;-1,1571595274695738;só OCDE
garner;0;1;0,0;0,5115089514066495;1;1,498194270076651;0,22094941212573868;-1,1571595274695738;só OCDE
gather;0;1;0,0;0,5115089514066495;1;1,498194270076651;0,22094941212573868;-1,1571595274695738;só OCDE
gender;0;1;0,0;0,5115089514066495;1;1,498194270076651;0,22094941212573868;-1,1571595274695738;só OCDE
generate;0;1;0,0;0,5115089514066495;1;1,498194270076651;0,22094941212573868;-1,1571595274695738;só OCDE
goals;0;1;0,0;0,5115089514066495;1;1,498194270076651;0,22094941212573868;-1,1571595274695738;só OCDE
good;0;1;0,0;0,5115089514066495;1;1,498194270076651;0,22094941212573868;-1,1571595274695738;só OCDE
governmental;0;1;0,0;0,5115089514066495;1;1,498194270076651;0,22094941212573868;-1,1571595274695738;só OCDE
guidance;0;1;0,0;0,5115089514066495;1;1,498194270076651;0,22094941212573868;-1,1571595274695738;só OCDE
hard;0;1;0,0;0,5115089514066495;1;1,498194270076651;0,22094941212573868;-1,1571595274695738;só OCDE
harm;0;1;0,0;0,5115089514066495;1;1,498194270076651;0,22094941212573868;-1,1571595274695738;só OCDE
help;0;1;0,0;0,5115089514066495;1;1,498194270076651;0,22094941212573868;-1,1571595274695738;só OCDE
human-centred;0;1;0,0;0,5115089514066495;1;1,498194270076651;0,22094941212573868;-1,1571595274695738;só OCDE
human-centric;0;1;0,0;0,5115089514066495;1;1,498194270076651;0,22094941212573868;-1,1571595274695738;só OCDE
implicit;0;1;0,0;0,5115089514066495;1;1,498194270076651;0,22094941212573868;-1,1571595274695738;só OCDE
incentive;0;1;0,0;0,5115089514066495;1;1,498194270076651;0,22094941212573868;-1,1571595274695738;só OCDE
increasingly;0;1;0,0;0,5115089514066495;1;1,498194270076651;0,22094941212573868;-1,1571595274695738;só OCDE
indicator;0;1;0,0;0,5115089514066495;1;1,498194270076651;0,22094941212573868;-1,1571595274695738;só OCDE
indirectly;0;1;0,0;0,5115089514066495;1;1,498194270076651;0,22094941212573868;-1,1571595274695738;só OCDE
infer;0;1;0,0;0,5115089514066495;1;1,498194270076651;0,22094941212573868;-1,1571595274695738;só OCDE
influence;0;1;0,0;0,5115089514066495;1;1,498194270076651;0,22094941212573868;-1,1571595274695738;só OCDE
innovate;0;1;0,0;0,5115089514066495;1;1,498194270076651;0,22094941212573868;-1,1571595274695738;só OCDE
inquiry;0;1;0,0;0,5115089514066495;1;1,498194270076651;0,22094941212573868;-1,1571595274695738;só OCDE
instruct;0;1;0,0;0,5115089514066495;1;1,498194270076651;0,22094941212573868;-1,1571595274695738;só OCDE
intended;0;1;0,0;0,5115089514066495;1;1,498194270076651;0,22094941212573868;-1,1571595274695738;só OCDE
intentional;0;1;0,0;0,5115089514066495;1;1,498194270076651;0,22094941212573868;-1,1571595274695738;só OCDE
inter;0;1;0,0;0,5115089514066495;1;1,498194270076651;0,22094941212573868;-1,1571595274695738;só OCDE
interact;0;1;0,0;0,5115089514066495;1;1,498194270076651;0,22094941212573868;-1,1571595274695738;só OCDE
interaction;0;1;0,0;0,5115089514066495;1;1,498194270076651;0,22094941212573868;-1,1571595274695738;só OCDE
invigorate;0;1;0,0;0,5115089514066495;1;1,498194270076651;0,22094941212573868;-1,1571595274695738;só OCDE
invite;0;1;0,0;0,5115089514066495;1;1,498194270076651;0,22094941212573868;-1,1571595274695738;só OCDE
invites;0;1;0,0;0,5115089514066495;1;1,498194270076651;0,22094941212573868;-1,1571595274695738;só OCDE
iterate;0;1;0,0;0,5115089514066495;1;1,498194270076651;0,22094941212573868;-1,1571595274695738;só OCDE
iterative;0;1;0,0;0,5115089514066495;1;1,498194270076651;0,22094941212573868;-1,1571595274695738;só OCDE
justice;0;1;0,0;0,5115089514066495;1;1,498194270076651;0,22094941212573868;-1,1571595274695738;só OCDE
know-how;0;1;0,0;0,5115089514066495;1;1,498194270076651;0,22094941212573868;-1,1571595274695738;só OCDE
later;0;1;0,0;0,5115089514066495;1;1,498194270076651;0,22094941212573868;-1,1571595274695738;só OCDE
likely;0;1;0,0;0,5115089514066495;1;1,498194270076651;0,22094941212573868;-1,1571595274695738;só OCDE
limit;0;1;0,0;0,5115089514066495;1;1,498194270076651;0,22094941212573868;-1,1571595274695738;só OCDE
limitation;0;1;0,0;0,5115089514066495;1;1,498194270076651;0,22094941212573868;-1,1571595274695738;só OCDE
logic;0;1;0,0;0,5115089514066495;1;1,498194270076651;0,22094941212573868;-1,1571595274695738;só OCDE
machine-based;0;1;0,0;0,5115089514066495;1;1,498194270076651;0,22094941212573868;-1,1571595274695738;só OCDE
manage;0;1;0,0;0,5115089514066495;1;1,498194270076651;0,22094941212573868;-1,1571595274695738;só OCDE
marketplace;0;1;0,0;0,5115089514066495;1;1,498194270076651;0,22094941212573868;-1,1571595274695738;só OCDE
measurement;0;1;0,0;0,5115089514066495;1;1,498194270076651;0,22094941212573868;-1,1571595274695738;só OCDE
medium-sized;0;1;0,0;0,5115089514066495;1;1,498194270076651;0,22094941212573868;-1,1571595274695738;só OCDE
meet;0;1;0,0;0,5115089514066495;1;1,498194270076651;0,22094941212573868;-1,1571595274695738;só OCDE
members;0;1;0,0;0,5115089514066495;1;1,498194270076651;0,22094941212573868;-1,1571595274695738;só OCDE
monitor;0;1;0,0;0,5115089514066495;1;1,498194270076651;0,22094941212573868;-1,1571595274695738;só OCDE
monitoring;0;1;0,0;0,5115089514066495;1;1,498194270076651;0,22094941212573868;-1,1571595274695738;só OCDE
natural;0;1;0,0;0,5115089514066495;1;1,498194270076651;0,22094941212573868;-1,1571595274695738;só OCDE
nature;0;1;0,0;0,5115089514066495;1;1,498194270076651;0,22094941212573868;-1,1571595274695738;só OCDE
necessarily;0;1;0,0;0,5115089514066495;1;1,498194270076651;0,22094941212573868;-1,1571595274695738;só OCDE
non-adherents;0;1;0,0;0,5115089514066495;1;1,498194270076651;0,22094941212573868;-1,1571595274695738;só OCDE
non-discrimination;0;1;0,0;0,5115089514066495;1;1,498194270076651;0,22094941212573868;-1,1571595274695738;só OCDE
non-governmental;0;1;0,0;0,5115089514066495;1;1,498194270076651;0,22094941212573868;-1,1571595274695738;só OCDE
non-member;0;1;0,0;0,5115089514066495;1;1,498194270076651;0,22094941212573868;-1,1571595274695738;só OCDE
normal;0;1;0,0;0,5115089514066495;1;1,498194270076651;0,22094941212573868;-1,1571595274695738;só OCDE
notably;0;1;0,0;0,5115089514066495;1;1,498194270076651;0,22094941212573868;-1,1571595274695738;só OCDE
note;0;1;0,0;0,5115089514066495;1;1,498194270076651;0,22094941212573868;-1,1571595274695738;só OCDE
occur;0;1;0,0;0,5115089514066495;1;1,498194270076651;0,22094941212573868;-1,1571595274695738;só OCDE
ongoing;0;1;0,0;0,5115089514066495;1;1,498194270076651;0,22094941212573868;-1,1571595274695738;só OCDE
outcome;0;1;0,0;0,5115089514066495;1;1,498194270076651;0,22094941212573868;-1,1571595274695738;só OCDE
outcome-based;0;1;0,0;0,5115089514066495;1;1,498194270076651;0,22094941212573868;-1,1571595274695738;só OCDE
outside;0;1;0,0;0,5115089514066495;1;1,498194270076651;0,22094941212573868;-1,1571595274695738;só OCDE
overridden;0;1;0,0;0,5115089514066495;1;1,498194270076651;0,22094941212573868;-1,1571595274695738;só OCDE
parameter;0;1;0,0;0,5115089514066495;1;1,498194270076651;0,22094941212573868;-1,1571595274695738;só OCDE
participate;0;1;0,0;0,5115089514066495;1;1,498194270076651;0,22094941212573868;-1,1571595274695738;só OCDE
party;0;1;0,0;0,5115089514066495;1;1,498194270076651;0,22094941212573868;-1,1571595274695738;só OCDE
pervasive;0;1;0,0;0,5115089514066495;1;1,498194270076651;0,22094941212573868;-1,1571595274695738;só OCDE
physical;0;1;0,0;0,5115089514066495;1;1,498194270076651;0,22094941212573868;-1,1571595274695738;só OCDE
plain;0;1;0,0;0,5115089514066495;1;1,498194270076651;0,22094941212573868;-1,1571595274695738;só OCDE
plan;0;1;0,0;0,5115089514066495;1;1,498194270076651;0,22094941212573868;-1,1571595274695738;só OCDE
point;0;1;0,0;0,5115089514066495;1;1,498194270076651;0,22094941212573868;-1,1571595274695738;só OCDE
population;0;1;0,0;0,5115089514066495;1;1,498194270076651;0,22094941212573868;-1,1571595274695738;só OCDE
positive;0;1;0,0;0,5115089514066495;1;1,498194270076651;0,22094941212573868;-1,1571595274695738;só OCDE
prepare;0;1;0,0;0,5115089514066495;1;1,498194270076651;0,22094941212573868;-1,1571595274695738;só OCDE
preserve;0;1;0,0;0,5115089514066495;1;1,498194270076651;0,22094941212573868;-1,1571595274695738;só OCDE
proactively;0;1;0,0;0,5115089514066495;1;1,498194270076651;0,22094941212573868;-1,1571595274695738;só OCDE
proper;0;1;0,0;0,5115089514066495;1;1,498194270076651;0,22094941212573868;-1,1571595274695738;só OCDE
proposal;0;1;0,0;0,5115089514066495;1;1,498194270076651;0,22094941212573868;-1,1571595274695738;só OCDE
pursuit;0;1;0,0;0,5115089514066495;1;1,498194270076651;0,22094941212573868;-1,1571595274695738;só OCDE
receive;0;1;0,0;0,5115089514066495;1;1,498194270076651;0,22094941212573868;-1,1571595274695738;só OCDE
reduce;0;1;0,0;0,5115089514066495;1;1,498194270076651;0,22094941212573868;-1,1571595274695738;só OCDE
relation;0;1;0,0;0,5115089514066495;1;1,498194270076651;0,22094941212573868;-1,1571595274695738;só OCDE
repair;0;1;0,0;0,5115089514066495;1;1,498194270076651;0,22094941212573868;-1,1571595274695738;só OCDE
report;0;1;0,0;0,5115089514066495;1;1,498194270076651;0,22094941212573868;-1,1571595274695738;só OCDE
respond;0;1;0,0;0,5115089514066495;1;1,498194270076651;0,22094941212573868;-1,1571595274695738;só OCDE
response;0;1;0,0;0,5115089514066495;1;1,498194270076651;0,22094941212573868;-1,1571595274695738;só OCDE
review;0;1;0,0;0,5115089514066495;1;1,498194270076651;0,22094941212573868;-1,1571595274695738;só OCDE
revision;0;1;0,0;0,5115089514066495;1;1,498194270076651;0,22094941212573868;-1,1571595274695738;só OCDE
rights;0;1;0,0;0,5115089514066495;1;1,498194270076651;0,22094941212573868;-1,1571595274695738;só OCDE
rule;0;1;0,0;0,5115089514066495;1;1,498194270076651;0,22094941212573868;-1,1571595274695738;só OCDE
safely;0;1;0,0;0,5115089514066495;1;1,498194270076651;0,22094941212573868;-1,1571595274695738;só OCDE
secretary-general;0;1;0,0;0,5115089514066495;1;1,498194270076651;0,22094941212573868;-1,1571595274695738;só OCDE
section;0;1;0,0;0,5115089514066495;1;1,498194270076651;0,22094941212573868;-1,1571595274695738;só OCDE
sequential;0;1;0,0;0,5115089514066495;1;1,498194270076651;0,22094941212573868;-1,1571595274695738;só OCDE
shared;0;1;0,0;0,5115089514066495;1;1,498194270076651;0,22094941212573868;-1,1571595274695738;só OCDE
shift;0;1;0,0;0,5115089514066495;1;1,498194270076651;0,22094941212573868;-1,1571595274695738;só OCDE
sme;0;1;0,0;0,5115089514066495;1;1,498194270076651;0,22094941212573868;-1,1571595274695738;só OCDE
special;0;1;0,0;0,5115089514066495;1;1,498194270076651;0,22094941212573868;-1,1571595274695738;só OCDE
specific;0;1;0,0;0,5115089514066495;1;1,498194270076651;0,22094941212573868;-1,1571595274695738;só OCDE
stable;0;1;0,0;0,5115089514066495;1;1,498194270076651;0,22094941212573868;-1,1571595274695738;só OCDE
step;0;1;0,0;0,5115089514066495;1;1,498194270076651;0,22094941212573868;-1,1571595274695738;só OCDE
subset;0;1;0,0;0,5115089514066495;1;1,498194270076651;0,22094941212573868;-1,1571595274695738;só OCDE
supplier;0;1;0,0;0,5115089514066495;1;1,498194270076651;0,22094941212573868;-1,1571595274695738;só OCDE
systematic;0;1;0,0;0,5115089514066495;1;1,498194270076651;0,22094941212573868;-1,1571595274695738;só OCDE
task;0;1;0,0;0,5115089514066495;1;1,498194270076651;0,22094941212573868;-1,1571595274695738;só OCDE
technically;0;1;0,0;0,5115089514066495;1;1,498194270076651;0,22094941212573868;-1,1571595274695738;só OCDE
time;0;1;0,0;0,5115089514066495;1;1,498194270076651;0,22094941212573868;-1,1571595274695738;só OCDE
traceability;0;1;0,0;0,5115089514066495;1;1,498194270076651;0,22094941212573868;-1,1571595274695738;só OCDE
turn;0;1;0,0;0,5115089514066495;1;1,498194270076651;0,22094941212573868;-1,1571595274695738;só OCDE
typically;0;1;0,0;0,5115089514066495;1;1,498194270076651;0,22094941212573868;-1,1571595274695738;só OCDE
underlines;0;1;0,0;0,5115089514066495;1;1,498194270076651;0,22094941212573868;-1,1571595274695738;só OCDE
underrepresented;0;1;0,0;0,5115089514066495;1;1,498194270076651;0,22094941212573868;-1,1571595274695738;só OCDE
undesired;0;1;0,0;0,5115089514066495;1;1,498194270076651;0,22094941212573868;-1,1571595274695738;só OCDE
undue;0;1;0,0;0,5115089514066495;1;1,498194270076651;0,22094941212573868;-1,1571595274695738;só OCDE
unintentional;0;1;0,0;0,5115089514066495;1;1,498194270076651;0,22094941212573868;-1,1571595274695738;só OCDE
universal;0;1;0,0;0,5115089514066495;1;1,498194270076651;0,22094941212573868;-1,1571595274695738;só OCDE
unreasonable;0;1;0,0;0,5115089514066495;1;1,498194270076651;0,22094941212573868;-1,1571595274695738;só OCDE
useful;0;1;0,0;0,5115089514066495;1;1,498194270076651;0,22094941212573868;-1,1571595274695738;só OCDE
validate;0;1;0,0;0,5115089514066495;1;1,498194270076651;0,22094941212573868;-1,1571595274695738;só OCDE
vary;0;1;0,0;0,5115089514066495;1;1,498194270076651;0,22094941212573868;-1,1571595274695738;só OCDE
verify;0;1;0,0;0,5115089514066495;1;1,498194270076651;0,22094941212573868;-1,1571595274695738;só OCDE
virtual;0;1;0,0;0,5115089514066495;1;1,498194270076651;0,22094941212573868;-1,1571595274695738;só OCDE
welfare;0;1;0,0;0,5115089514066495;1;1,498194270076651;0,22094941212573868;-1,1571595274695738;só OCDE
well-being;0;1;0,0;0,5115089514066495;1;1,498194270076651;0,22094941212573868;-1,1571595274695738;só OCDE
well-informed;0;1;0,0;0,5115089514066495;1;1,498194270076651;0,22094941212573868;-1,1571595274695738;só OCDE
whole-of-society;0;1;0,0;0,5115089514066495;1;1,498194270076651;0,22094941212573868;-1,1571595274695738;só OCDE
workplace;0;1;0,0;0,5115089514066495;1;1,498194270076651;0,22094941212573868;-1,1571595274695738;só OCDE
academic;1;0;0,45871559633027525;0,0;1;1,2803249033493143;0,257838633758181;0,8428404725304262;só BRICS
accelerate;1;0;0,45871559633027525;0,0;1;1,2803249033493143;0,257838633758181;0,8428404725304262;só BRICS
adaptability;1;0;0,45871559633027525;0,0;1;1,2803249033493143;0,257838633758181;0,8428404725304262;só BRICS
advancement;1;0;0,45871559633027525;0,0;1;1,2803249033493143;0,257838633758181;0,8428404725304262;só BRICS
advantage;1;0;0,45871559633027525;0,0;1;1,2803249033493143;0,257838633758181;0,8428404725304262;só BRICS
advice;1;0;0,45871559633027525;0,0;1;1,2803249033493143;0,257838633758181;0,8428404725304262;só BRICS
affirm;1;0;0,45871559633027525;0,0;1;1,2803249033493143;0,257838633758181;0,8428404725304262;só BRICS
aggravate;1;0;0,45871559633027525;0,0;1;1,2803249033493143;0,257838633758181;0,8428404725304262;só BRICS
agreement;1;0;0,45871559633027525;0,0;1;1,2803249033493143;0,257838633758181;0,8428404725304262;só BRICS
agriculture;1;0;0,45871559633027525;0,0;1;1,2803249033493143;0,257838633758181;0,8428404725304262;só BRICS
ai-generated;1;0;0,45871559633027525;0,0;1;1,2803249033493143;0,257838633758181;0,8428404725304262;só BRICS
aspect;1;0;0,45871559633027525;0,0;1;1,2803249033493143;0,257838633758181;0,8428404725304262;só BRICS
aspiration;1;0;0,45871559633027525;0,0;1;1,2803249033493143;0,257838633758181;0,8428404725304262;só BRICS
attack;1;0;0,45871559633027525;0,0;1;1,2803249033493143;0,257838633758181;0,8428404725304262;só BRICS
audio;1;0;0,45871559633027525;0,0;1;1,2803249033493143;0,257838633758181;0,8428404725304262;só BRICS
authenticity;1;0;0,45871559633027525;0,0;1;1,2803249033493143;0,257838633758181;0,8428404725304262;só BRICS
authority;1;0;0,45871559633027525;0,0;1;1,2803249033493143;0,257838633758181;0,8428404725304262;só BRICS
background;1;0;0,45871559633027525;0,0;1;1,2803249033493143;0,257838633758181;0,8428404725304262;só BRICS
bank;1;0;0,45871559633027525;0,0;1;1,2803249033493143;0,257838633758181;0,8428404725304262;só BRICS
biased;1;0;0,45871559633027525;0,0;1;1,2803249033493143;0,257838633758181;0,8428404725304262;só BRICS
boost;1;0;0,45871559633027525;0,0;1;1,2803249033493143;0,257838633758181;0,8428404725304262;só BRICS
bridge;1;0;0,45871559633027525;0,0;1;1,2803249033493143;0,257838633758181;0,8428404725304262;só BRICS
broad;1;0;0,45871559633027525;0,0;1;1,2803249033493143;0,257838633758181;0,8428404725304262;só BRICS
carbon;1;0;0,45871559633027525;0,0;1;1,2803249033493143;0,257838633758181;0,8428404725304262;só BRICS
carefully;1;0;0,45871559633027525;0,0;1;1,2803249033493143;0,257838633758181;0,8428404725304262;só BRICS
catalyst;1;0;0,45871559633027525;0,0;1;1,2803249033493143;0,257838633758181;0,8428404725304262;só BRICS
centrality;1;0;0,45871559633027525;0,0;1;1,2803249033493143;0,257838633758181;0,8428404725304262;só BRICS
chain;1;0;0,45871559633027525;0,0;1;1,2803249033493143;0,257838633758181;0,8428404725304262;só BRICS
change;1;0;0,45871559633027525;0,0;1;1,2803249033493143;0,257838633758181;0,8428404725304262;só BRICS
charter;1;0;0,45871559633027525;0,0;1;1,2803249033493143;0,257838633758181;0,8428404725304262;só BRICS
child;1;0;0,45871559633027525;0,0;1;1,2803249033493143;0,257838633758181;0,8428404725304262;só BRICS
civil;1;0;0,45871559633027525;0,0;1;1,2803249033493143;0,257838633758181;0,8428404725304262;só BRICS
clear;1;0;0,45871559633027525;0,0;1;1,2803249033493143;0,257838633758181;0,8428404725304262;só BRICS
climate;1;0;0,45871559633027525;0,0;1;1,2803249033493143;0,257838633758181;0,8428404725304262;só BRICS
cognition;1;0;0,45871559633027525;0,0;1;1,2803249033493143;0,257838633758181;0,8428404725304262;só BRICS
come;1;0;0,45871559633027525;0,0;1;1,2803249033493143;0,257838633758181;0,8428404725304262;só BRICS
commitment;1;0;0,45871559633027525;0,0;1;1,2803249033493143;0,257838633758181;0,8428404725304262;só BRICS
community;1;0;0,45871559633027525;0,0;1;1,2803249033493143;0,257838633758181;0,8428404725304262;só BRICS
compatibility;1;0;0,45871559633027525;0,0;1;1,2803249033493143;0,257838633758181;0,8428404725304262;só BRICS
competitiveness;1;0;0,45871559633027525;0,0;1;1,2803249033493143;0,257838633758181;0,8428404725304262;só BRICS
component;1;0;0,45871559633027525;0,0;1;1,2803249033493143;0,257838633758181;0,8428404725304262;só BRICS
comprehensive;1;0;0,45871559633027525;0,0;1;1,2803249033493143;0,257838633758181;0,8428404725304262;só BRICS
computer;1;0;0,45871559633027525;0,0;1;1,2803249033493143;0,257838633758181;0,8428404725304262;só BRICS
concentrate;1;0;0,45871559633027525;0,0;1;1,2803249033493143;0,257838633758181;0,8428404725304262;só BRICS
concern;1;0;0,45871559633027525;0,0;1;1,2803249033493143;0,257838633758181;0,8428404725304262;só BRICS
concerned;1;0;0,45871559633027525;0,0;1;1,2803249033493143;0,257838633758181;0,8428404725304262;só BRICS
concretely;1;0;0,45871559633027525;0,0;1;1,2803249033493143;0,257838633758181;0,8428404725304262;só BRICS
conducive;1;0;0,45871559633027525;0,0;1;1,2803249033493143;0,257838633758181;0,8428404725304262;só BRICS
confer;1;0;0,45871559633027525;0,0;1;1,2803249033493143;0,257838633758181;0,8428404725304262;só BRICS
consensus-based;1;0;0,45871559633027525;0,0;1;1,2803249033493143;0,257838633758181;0,8428404725304262;só BRICS
conservation;1;0;0,45871559633027525;0,0;1;1,2803249033493143;0,257838633758181;0,8428404725304262;só BRICS
constructive;1;0;0,45871559633027525;0,0;1;1,2803249033493143;0,257838633758181;0,8428404725304262;só BRICS
consumption;1;0;0,45871559633027525;0,0;1;1,2803249033493143;0,257838633758181;0,8428404725304262;só BRICS
continuously;1;0;0,45871559633027525;0,0;1;1,2803249033493143;0,257838633758181;0,8428404725304262;só BRICS
cooperate;1;0;0,45871559633027525;0,0;1;1,2803249033493143;0,257838633758181;0,8428404725304262;só BRICS
coordinate;1;0;0,45871559633027525;0,0;1;1,2803249033493143;0,257838633758181;0,8428404725304262;só BRICS
coordination;1;0;0,45871559633027525;0,0;1;1,2803249033493143;0,257838633758181;0,8428404725304262;só BRICS
copyright;1;0;0,45871559633027525;0,0;1;1,2803249033493143;0,257838633758181;0,8428404725304262;só BRICS
core;1;0;0,45871559633027525;0,0;1;1,2803249033493143;0,257838633758181;0,8428404725304262;só BRICS
cost;1;0;0,45871559633027525;0,0;1;1,2803249033493143;0,257838633758181;0,8428404725304262;só BRICS
critically;1;0;0,45871559633027525;0,0;1;1,2803249033493143;0,257838633758181;0,8428404725304262;só BRICS
crucial;1;0;0,45871559633027525;0,0;1;1,2803249033493143;0,257838633758181;0,8428404725304262;só BRICS
cultivate;1;0;0,45871559633027525;0,0;1;1,2803249033493143;0,257838633758181;0,8428404725304262;só BRICS
curate;1;0;0,45871559633027525;0,0;1;1,2803249033493143;0,257838633758181;0,8428404725304262;só BRICS
cybercrime;1;0;0,45871559633027525;0,0;1;1,2803249033493143;0,257838633758181;0,8428404725304262;só BRICS
demographic;1;0;0,45871559633027525;0,0;1;1,2803249033493143;0,257838633758181;0,8428404725304262;só BRICS
dependence;1;0;0,45871559633027525;0,0;1;1,2803249033493143;0,257838633758181;0,8428404725304262;só BRICS
detection;1;0;0,45871559633027525;0,0;1;1,2803249033493143;0,257838633758181;0,8428404725304262;só BRICS
developer;1;0;0,45871559633027525;0,0;1;1,2803249033493143;0,257838633758181;0,8428404725304262;só BRICS
development-oriented;1;0;0,45871559633027525;0,0;1;1,2803249033493143;0,257838633758181;0,8428404725304262;só BRICS
disability;1;0;0,45871559633027525;0,0;1;1,2803249033493143;0,257838633758181;0,8428404725304262;só BRICS
discrimination;1;0;0,45871559633027525;0,0;1;1,2803249033493143;0,257838633758181;0,8428404725304262;só BRICS
discriminatory;1;0;0,45871559633027525;0,0;1;1,2803249033493143;0,257838633758181;0,8428404725304262;só BRICS
disposition;1;0;0,45871559633027525;0,0;1;1,2803249033493143;0,257838633758181;0,8428404725304262;só BRICS
distortion;1;0;0,45871559633027525;0,0;1;1,2803249033493143;0,257838633758181;0,8428404725304262;só BRICS
diverge;1;0;0,45871559633027525;0,0;1;1,2803249033493143;0,257838633758181;0,8428404725304262;só BRICS
divide;1;0;0,45871559633027525;0,0;1;1,2803249033493143;0,257838633758181;0,8428404725304262;só BRICS
domain;1;0;0,45871559633027525;0,0;1;1,2803249033493143;0,257838633758181;0,8428404725304262;só BRICS
duplication;1;0;0,45871559633027525;0,0;1;1,2803249033493143;0,257838633758181;0,8428404725304262;só BRICS
ecological;1;0;0,45871559633027525;0,0;1;1,2803249033493143;0,257838633758181;0,8428404725304262;só BRICS
ecosystems;1;0;0,45871559633027525;0,0;1;1,2803249033493143;0,257838633758181;0,8428404725304262;só BRICS
elderly;1;0;0,45871559633027525;0,0;1;1,2803249033493143;0,257838633758181;0,8428404725304262;só BRICS
electronic;1;0;0,45871559633027525;0,0;1;1,2803249033493143;0,257838633758181;0,8428404725304262;só BRICS
embed;1;0;0,45871559633027525;0,0;1;1,2803249033493143;0,257838633758181;0,8428404725304262;só BRICS
enabling;1;0;0,45871559633027525;0,0;1;1,2803249033493143;0,257838633758181;0,8428404725304262;só BRICS
enhanced;1;0;0,45871559633027525;0,0;1;1,2803249033493143;0,257838633758181;0,8428404725304262;só BRICS
entry;1;0;0,45871559633027525;0,0;1;1,2803249033493143;0,257838633758181;0,8428404725304262;só BRICS
erode;1;0;0,45871559633027525;0,0;1;1,2803249033493143;0,257838633758181;0,8428404725304262;só BRICS
error;1;0;0,45871559633027525;0,0;1;1,2803249033493143;0,257838633758181;0,8428404725304262;só BRICS
ethically;1;0;0,45871559633027525;0,0;1;1,2803249033493143;0,257838633758181;0,8428404725304262;só BRICS
ethics;1;0;0,45871559633027525;0,0;1;1,2803249033493143;0,257838633758181;0,8428404725304262;só BRICS
evolution;1;0;0,45871559633027525;0,0;1;1,2803249033493143;0,257838633758181;0,8428404725304262;só BRICS
exacerbate;1;0;0,45871559633027525;0,0;1;1,2803249033493143;0,257838633758181;0,8428404725304262;só BRICS
excessive;1;0;0,45871559633027525;0,0;1;1,2803249033493143;0,257838633758181;0,8428404725304262;só BRICS
exclusion;1;0;0,45871559633027525;0,0;1;1,2803249033493143;0,257838633758181;0,8428404725304262;só BRICS
explainability;1;0;0,45871559633027525;0,0;1;1,2803249033493143;0,257838633758181;0,8428404725304262;só BRICS
exploitative;1;0;0,45871559633027525;0,0;1;1,2803249033493143;0,257838633758181;0,8428404725304262;só BRICS
extraction;1;0;0,45871559633027525;0,0;1;1,2803249033493143;0,257838633758181;0,8428404725304262;só BRICS
facilitate;1;0;0,45871559633027525;0,0;1;1,2803249033493143;0,257838633758181;0,8428404725304262;só BRICS
fact;1;0;0,45871559633027525;0,0;1;1,2803249033493143;0,257838633758181;0,8428404725304262;só BRICS
fake;1;0;0,45871559633027525;0,0;1;1,2803249033493143;0,257838633758181;0,8428404725304262;só BRICS
field;1;0;0,45871559633027525;0,0;1;1,2803249033493143;0,257838633758181;0,8428404725304262;só BRICS
financial;1;0;0,45871559633027525;0,0;1;1,2803249033493143;0,257838633758181;0,8428404725304262;só BRICS
firmly;1;0;0,45871559633027525;0,0;1;1,2803249033493143;0,257838633758181;0,8428404725304262;só BRICS
flag;1;0;0,45871559633027525;0,0;1;1,2803249033493143;0,257838633758181;0,8428404725304262;só BRICS
form;1;0;0,45871559633027525;0,0;1;1,2803249033493143;0,257838633758181;0,8428404725304262;só BRICS
foundational;1;0;0,45871559633027525;0,0;1;1,2803249033493143;0,257838633758181;0,8428404725304262;só BRICS
fraud;1;0;0,45871559633027525;0,0;1;1,2803249033493143;0,257838633758181;0,8428404725304262;só BRICS
fully;1;0;0,45871559633027525;0,0;1;1,2803249033493143;0,257838633758181;0,8428404725304262;só BRICS
gas;1;0;0,45871559633027525;0,0;1;1,2803249033493143;0,257838633758181;0,8428404725304262;só BRICS
generation;1;0;0,45871559633027525;0,0;1;1,2803249033493143;0,257838633758181;0,8428404725304262;só BRICS
generative;1;0;0,45871559633027525;0,0;1;1,2803249033493143;0,257838633758181;0,8428404725304262;só BRICS
geographical;1;0;0,45871559633027525;0,0;1;1,2803249033493143;0,257838633758181;0,8428404725304262;só BRICS
goal;1;0;0,45871559633027525;0,0;1;1,2803249033493143;0,257838633758181;0,8428404725304262;só BRICS
great;1;0;0,45871559633027525;0,0;1;1,2803249033493143;0,257838633758181;0,8428404725304262;só BRICS
greenhouse;1;0;0,45871559633027525;0,0;1;1,2803249033493143;0,257838633758181;0,8428404725304262;só BRICS
ground;1;0;0,45871559633027525;0,0;1;1,2803249033493143;0,257838633758181;0,8428404725304262;só BRICS
group;1;0;0,45871559633027525;0,0;1;1,2803249033493143;0,257838633758181;0,8428404725304262;só BRICS
grow;1;0;0,45871559633027525;0,0;1;1,2803249033493143;0,257838633758181;0,8428404725304262;só BRICS
guard;1;0;0,45871559633027525;0,0;1;1,2803249033493143;0,257838633758181;0,8428404725304262;só BRICS
hand;1;0;0,45871559633027525;0,0;1;1,2803249033493143;0,257838633758181;0,8428404725304262;só BRICS
harmonious;1;0;0,45871559633027525;0,0;1;1,2803249033493143;0,257838633758181;0,8428404725304262;só BRICS
healthcare;1;0;0,45871559633027525;0,0;1;1,2803249033493143;0,257838633758181;0,8428404725304262;só BRICS
healthy;1;0;0,45871559633027525;0,0;1;1,2803249033493143;0,257838633758181;0,8428404725304262;só BRICS
heart;1;0;0,45871559633027525;0,0;1;1,2803249033493143;0,257838633758181;0,8428404725304262;só BRICS
heritage;1;0;0,45871559633027525;0,0;1;1,2803249033493143;0,257838633758181;0,8428404725304262;só BRICS
highlight;1;0;0,45871559633027525;0,0;1;1,2803249033493143;0,257838633758181;0,8428404725304262;só BRICS
human-centered;1;0;0,45871559633027525;0,0;1;1,2803249033493143;0,257838633758181;0,8428404725304262;só BRICS
human-machine;1;0;0,45871559633027525;0,0;1;1,2803249033493143;0,257838633758181;0,8428404725304262;só BRICS
humanity;1;0;0,45871559633027525;0,0;1;1,2803249033493143;0,257838633758181;0,8428404725304262;só BRICS
image;1;0;0,45871559633027525;0,0;1;1,2803249033493143;0,257838633758181;0,8428404725304262;só BRICS
immediate;1;0;0,45871559633027525;0,0;1;1,2803249033493143;0,257838633758181;0,8428404725304262;só BRICS
imperative;1;0;0,45871559633027525;0,0;1;1,2803249033493143;0,257838633758181;0,8428404725304262;só BRICS
incitement;1;0;0,45871559633027525;0,0;1;1,2803249033493143;0,257838633758181;0,8428404725304262;só BRICS
inclusivity;1;0;0,45871559633027525;0,0;1;1,2803249033493143;0,257838633758181;0,8428404725304262;só BRICS
inherent;1;0;0,45871559633027525;0,0;1;1,2803249033493143;0,257838633758181;0,8428404725304262;só BRICS
institution;1;0;0,45871559633027525;0,0;1;1,2803249033493143;0,257838633758181;0,8428404725304262;só BRICS
insufficiently;1;0;0,45871559633027525;0,0;1;1,2803249033493143;0,257838633758181;0,8428404725304262;só BRICS
intensify;1;0;0,45871559633027525;0,0;1;1,2803249033493143;0,257838633758181;0,8428404725304262;só BRICS
intensity;1;0;0,45871559633027525;0,0;1;1,2803249033493143;0,257838633758181;0,8428404725304262;só BRICS
irrespective;1;0;0,45871559633027525;0,0;1;1,2803249033493143;0,257838633758181;0,8428404725304262;só BRICS
kind;1;0;0,45871559633027525;0,0;1;1,2803249033493143;0,257838633758181;0,8428404725304262;só BRICS
leaders;1;0;0,45871559633027525;0,0;1;1,2803249033493143;0,257838633758181;0,8428404725304262;só BRICS
leading;1;0;0,45871559633027525;0,0;1;1,2803249033493143;0,257838633758181;0,8428404725304262;só BRICS
learner;1;0;0,45871559633027525;0,0;1;1,2803249033493143;0,257838633758181;0,8428404725304262;só BRICS
learning;1;0;0,45871559633027525;0,0;1;1,2803249033493143;0,257838633758181;0,8428404725304262;só BRICS
legitimacy;1;0;0,45871559633027525;0,0;1;1,2803249033493143;0,257838633758181;0,8428404725304262;só BRICS
leverage;1;0;0,45871559633027525;0,0;1;1,2803249033493143;0,257838633758181;0,8428404725304262;só BRICS
linguistic;1;0;0,45871559633027525;0,0;1;1,2803249033493143;0,257838633758181;0,8428404725304262;só BRICS
maintain;1;0;0,45871559633027525;0,0;1;1,2803249033493143;0,257838633758181;0,8428404725304262;só BRICS
malicious;1;0;0,45871559633027525;0,0;1;1,2803249033493143;0,257838633758181;0,8428404725304262;só BRICS
matter;1;0;0,45871559633027525;0,0;1;1,2803249033493143;0,257838633758181;0,8428404725304262;só BRICS
maximize;1;0;0,45871559633027525;0,0;1;1,2803249033493143;0,257838633758181;0,8428404725304262;só BRICS
mdb;1;0;0,45871559633027525;0,0;1;1,2803249033493143;0,257838633758181;0,8428404725304262;só BRICS
media;1;0;0,45871559633027525;0,0;1;1,2803249033493143;0,257838633758181;0,8428404725304262;só BRICS
middle-income;1;0;0,45871559633027525;0,0;1;1,2803249033493143;0,257838633758181;0,8428404725304262;só BRICS
milestone;1;0;0,45871559633027525;0,0;1;1,2803249033493143;0,257838633758181;0,8428404725304262;só BRICS
minimize;1;0;0,45871559633027525;0,0;1;1,2803249033493143;0,257838633758181;0,8428404725304262;só BRICS
minority;1;0;0,45871559633027525;0,0;1;1,2803249033493143;0,257838633758181;0,8428404725304262;só BRICS
misappropriation;1;0;0,45871559633027525;0,0;1;1,2803249033493143;0,257838633758181;0,8428404725304262;só BRICS
misrepresentation;1;0;0,45871559633027525;0,0;1;1,2803249033493143;0,257838633758181;0,8428404725304262;só BRICS
momentum;1;0;0,45871559633027525;0,0;1;1,2803249033493143;0,257838633758181;0,8428404725304262;só BRICS
multi-faceted;1;0;0,45871559633027525;0,0;1;1,2803249033493143;0,257838633758181;0,8428404725304262;só BRICS
multilateralism;1;0;0,45871559633027525;0,0;1;1,2803249033493143;0,257838633758181;0,8428404725304262;só BRICS
multilingual;1;0;0,45871559633027525;0,0;1;1,2803249033493143;0,257838633758181;0,8428404725304262;só BRICS
navigate;1;0;0,45871559633027525;0,0;1;1,2803249033493143;0,257838633758181;0,8428404725304262;só BRICS
network;1;0;0,45871559633027525;0,0;1;1,2803249033493143;0,257838633758181;0,8428404725304262;só BRICS
non-military;1;0;0,45871559633027525;0,0;1;1,2803249033493143;0,257838633758181;0,8428404725304262;só BRICS
obligation;1;0;0,45871559633027525;0,0;1;1,2803249033493143;0,257838633758181;0,8428404725304262;só BRICS
online;1;0;0,45871559633027525;0,0;1;1,2803249033493143;0,257838633758181;0,8428404725304262;só BRICS
operationalize;1;0;0,45871559633027525;0,0;1;1,2803249033493143;0,257838633758181;0,8428404725304262;só BRICS
opinion;1;0;0,45871559633027525;0,0;1;1,2803249033493143;0,257838633758181;0,8428404725304262;só BRICS
optimization;1;0;0,45871559633027525;0,0;1;1,2803249033493143;0,257838633758181;0,8428404725304262;só BRICS
overcome;1;0;0,45871559633027525;0,0;1;1,2803249033493143;0,257838633758181;0,8428404725304262;só BRICS
panel;1;0;0,45871559633027525;0,0;1;1,2803249033493143;0,257838633758181;0,8428404725304262;só BRICS
paramount;1;0;0,45871559633027525;0,0;1;1,2803249033493143;0,257838633758181;0,8428404725304262;só BRICS
person;1;0;0,45871559633027525;0,0;1;1,2803249033493143;0,257838633758181;0,8428404725304262;só BRICS
personalize;1;0;0,45871559633027525;0,0;1;1,2803249033493143;0,257838633758181;0,8428404725304262;só BRICS
pillar;1;0;0,45871559633027525;0,0;1;1,2803249033493143;0,257838633758181;0,8428404725304262;só BRICS
position;1;0;0,45871559633027525;0,0;1;1,2803249033493143;0,257838633758181;0,8428404725304262;só BRICS
possible;1;0;0,45871559633027525;0,0;1;1,2803249033493143;0,257838633758181;0,8428404725304262;só BRICS
powerful;1;0;0,45871559633027525;0,0;1;1,2803249033493143;0,257838633758181;0,8428404725304262;só BRICS
press;1;0;0,45871559633027525;0,0;1;1,2803249033493143;0,257838633758181;0,8428404725304262;só BRICS
prevalent;1;0;0,45871559633027525;0,0;1;1,2803249033493143;0,257838633758181;0,8428404725304262;só BRICS
prevent;1;0;0,45871559633027525;0,0;1;1,2803249033493143;0,257838633758181;0,8428404725304262;só BRICS
prevention;1;0;0,45871559633027525;0,0;1;1,2803249033493143;0,257838633758181;0,8428404725304262;só BRICS
prioritize;1;0;0,45871559633027525;0,0;1;1,2803249033493143;0,257838633758181;0,8428404725304262;só BRICS
proactive;1;0;0,45871559633027525;0,0;1;1,2803249033493143;0,257838633758181;0,8428404725304262;só BRICS
productive;1;0;0,45871559633027525;0,0;1;1,2803249033493143;0,257838633758181;0,8428404725304262;só BRICS
proliferation;1;0;0,45871559633027525;0,0;1;1,2803249033493143;0,257838633758181;0,8428404725304262;só BRICS
proprietary;1;0;0,45871559633027525;0,0;1;1,2803249033493143;0,257838633758181;0,8428404725304262;só BRICS
prudent;1;0;0,45871559633027525;0,0;1;1,2803249033493143;0,257838633758181;0,8428404725304262;só BRICS
quickly;1;0;0,45871559633027525;0,0;1;1,2803249033493143;0,257838633758181;0,8428404725304262;só BRICS
racial;1;0;0,45871559633027525;0,0;1;1,2803249033493143;0,257838633758181;0,8428404725304262;só BRICS
realistic;1;0;0,45871559633027525;0,0;1;1,2803249033493143;0,257838633758181;0,8428404725304262;só BRICS
recall;1;0;0,45871559633027525;0,0;1;1,2803249033493143;0,257838633758181;0,8428404725304262;só BRICS
relationship;1;0;0,45871559633027525;0,0;1;1,2803249033493143;0,257838633758181;0,8428404725304262;só BRICS
reliability;1;0;0,45871559633027525;0,0;1;1,2803249033493143;0,257838633758181;0,8428404725304262;só BRICS
reliance;1;0;0,45871559633027525;0,0;1;1,2803249033493143;0,257838633758181;0,8428404725304262;só BRICS
remain;1;0;0,45871559633027525;0,0;1;1,2803249033493143;0,257838633758181;0,8428404725304262;só BRICS
remove;1;0;0,45871559633027525;0,0;1;1,2803249033493143;0,257838633758181;0,8428404725304262;só BRICS
remuneration;1;0;0,45871559633027525;0,0;1;1,2803249033493143;0,257838633758181;0,8428404725304262;só BRICS
representation;1;0;0,45871559633027525;0,0;1;1,2803249033493143;0,257838633758181;0,8428404725304262;só BRICS
researcher;1;0;0,45871559633027525;0,0;1;1,2803249033493143;0,257838633758181;0,8428404725304262;só BRICS
resource-efficient;1;0;0,45871559633027525;0,0;1;1,2803249033493143;0,257838633758181;0,8428404725304262;só BRICS
responsibility;1;0;0,45871559633027525;0,0;1;1,2803249033493143;0,257838633758181;0,8428404725304262;só BRICS
responsive;1;0;0,45871559633027525;0,0;1;1,2803249033493143;0,257838633758181;0,8428404725304262;só BRICS
result;1;0;0,45871559633027525;0,0;1;1,2803249033493143;0,257838633758181;0,8428404725304262;só BRICS
revisit;1;0;0,45871559633027525;0,0;1;1,2803249033493143;0,257838633758181;0,8428404725304262;só BRICS
rigorous;1;0;0,45871559633027525;0,0;1;1,2803249033493143;0,257838633758181;0,8428404725304262;só BRICS
scrutinize;1;0;0,45871559633027525;0,0;1;1,2803249033493143;0,257838633758181;0,8428404725304262;só BRICS
securely;1;0;0,45871559633027525;0,0;1;1,2803249033493143;0,257838633758181;0,8428404725304262;só BRICS
sense;1;0;0,45871559633027525;0,0;1;1,2803249033493143;0,257838633758181;0,8428404725304262;só BRICS
setting;1;0;0,45871559633027525;0,0;1;1,2803249033493143;0,257838633758181;0,8428404725304262;só BRICS
significant;1;0;0,45871559633027525;0,0;1;1,2803249033493143;0,257838633758181;0,8428404725304262;só BRICS
situation;1;0;0,45871559633027525;0,0;1;1,2803249033493143;0,257838633758181;0,8428404725304262;só BRICS
societal;1;0;0,45871559633027525;0,0;1;1,2803249033493143;0,257838633758181;0,8428404725304262;só BRICS
specification;1;0;0,45871559633027525;0,0;1;1,2803249033493143;0,257838633758181;0,8428404725304262;só BRICS
standards;1;0;0,45871559633027525;0,0;1;1,2803249033493143;0,257838633758181;0,8428404725304262;só BRICS
states;1;0;0,45871559633027525;0,0;1;1,2803249033493143;0,257838633758181;0,8428404725304262;só BRICS
stick;1;0;0,45871559633027525;0,0;1;1,2803249033493143;0,257838633758181;0,8428404725304262;só BRICS
stimulate;1;0;0,45871559633027525;0,0;1;1,2803249033493143;0,257838633758181;0,8428404725304262;só BRICS
strengthen;1;0;0,45871559633027525;0,0;1;1,2803249033493143;0,257838633758181;0,8428404725304262;só BRICS
strictly;1;0;0,45871559633027525;0,0;1;1,2803249033493143;0,257838633758181;0,8428404725304262;só BRICS
strong;1;0;0,45871559633027525;0,0;1;1,2803249033493143;0,257838633758181;0,8428404725304262;só BRICS
structural;1;0;0,45871559633027525;0,0;1;1,2803249033493143;0,257838633758181;0,8428404725304262;só BRICS
supervision;1;0;0,45871559633027525;0,0;1;1,2803249033493143;0,257838633758181;0,8428404725304262;só BRICS
supply;1;0;0,45871559633027525;0,0;1;1,2803249033493143;0,257838633758181;0,8428404725304262;só BRICS
systems;1;0;0,45871559633027525;0,0;1;1,2803249033493143;0,257838633758181;0,8428404725304262;só BRICS
teacher;1;0;0,45871559633027525;0,0;1;1,2803249033493143;0,257838633758181;0,8428404725304262;só BRICS
tend;1;0;0,45871559633027525;0,0;1;1,2803249033493143;0,257838633758181;0,8428404725304262;só BRICS
text;1;0;0,45871559633027525;0,0;1;1,2803249033493143;0,257838633758181;0,8428404725304262;só BRICS
thinking;1;0;0,45871559633027525;0,0;1;1,2803249033493143;0,257838633758181;0,8428404725304262;só BRICS
train;1;0;0,45871559633027525;0,0;1;1,2803249033493143;0,257838633758181;0,8428404725304262;só BRICS
transfer;1;0;0,45871559633027525;0,0;1;1,2803249033493143;0,257838633758181;0,8428404725304262;só BRICS
transport;1;0;0,45871559633027525;0,0;1;1,2803249033493143;0,257838633758181;0,8428404725304262;só BRICS
trusted;1;0;0,45871559633027525;0,0;1;1,2803249033493143;0,257838633758181;0,8428404725304262;só BRICS
ultimate;1;0;0,45871559633027525;0,0;1;1,2803249033493143;0,257838633758181;0,8428404725304262;só BRICS
unauthorized;1;0;0,45871559633027525;0,0;1;1,2803249033493143;0,257838633758181;0,8428404725304262;só BRICS
undermining;1;0;0,45871559633027525;0,0;1;1,2803249033493143;0,257838633758181;0,8428404725304262;só BRICS
unesco;1;0;0,45871559633027525;0,0;1;1,2803249033493143;0,257838633758181;0,8428404725304262;só BRICS
unique;1;0;0,45871559633027525;0,0;1;1,2803249033493143;0,257838633758181;0,8428404725304262;só BRICS
unrest;1;0;0,45871559633027525;0,0;1;1,2803249033493143;0,257838633758181;0,8428404725304262;só BRICS
utilize;1;0;0,45871559633027525;0,0;1;1,2803249033493143;0,257838633758181;0,8428404725304262;só BRICS
video;1;0;0,45871559633027525;0,0;1;1,2803249033493143;0,257838633758181;0,8428404725304262;só BRICS
violation;1;0;0,45871559633027525;0,0;1;1,2803249033493143;0,257838633758181;0,8428404725304262;só BRICS
vulnerable;1;0;0,45871559633027525;0,0;1;1,2803249033493143;0,257838633758181;0,8428404725304262;só BRICS
way;1;0;0,45871559633027525;0,0;1;1,2803249033493143;0,257838633758181;0,8428404725304262;só BRICS
welcome;1;0;0,45871559633027525;0,0;1;1,2803249033493143;0,257838633758181;0,8428404725304262;só BRICS
wellbeing;1;0;0,45871559633027525;0,0;1;1,2803249033493143;0,257838633758181;0,8428404725304262;só BRICS
window;1;0;0,45871559633027525;0,0;1;1,2803249033493143;0,257838633758181;0,8428404725304262;só BRICS
woman;1;0;0,45871559633027525;0,0;1;1,2803249033493143;0,257838633758181;0,8428404725304262;só BRICS
youth;1;0;0,45871559633027525;0,0;1;1,2803249033493143;0,257838633758181;0,8428404725304262;só BRICS
adopt;1;3;0,45871559633027525;1,5345268542199488;4;1,276226556628801;0,2586018239451376;-1,7421220281907301;ambos
adoption;1;3;0,45871559633027525;1,5345268542199488;4;1,276226556628801;0,2586018239451376;-1,7421220281907301;ambos
apply;1;3;0,45871559633027525;1,5345268542199488;4;1,276226556628801;0,2586018239451376;-1,7421220281907301;ambos
base;1;3;0,45871559633027525;1,5345268542199488;4;1,276226556628801;0,2586018239451376;-1,7421220281907301;ambos
conduct;1;3;0,45871559633027525;1,5345268542199488;4;1,276226556628801;0,2586018239451376;-1,7421220281907301;ambos
fora;1;3;0,45871559633027525;1,5345268542199488;4;1,276226556628801;0,2586018239451376;-1,7421220281907301;ambos
individual;1;3;0,45871559633027525;1,5345268542199488;4;1,276226556628801;0,2586018239451376;-1,7421220281907301;ambos
interoperable;1;3;0,45871559633027525;1,5345268542199488;4;1,276226556628801;0,2586018239451376;-1,7421220281907301;ambos
misuse;1;3;0,45871559633027525;1,5345268542199488;4;1,276226556628801;0,2586018239451376;-1,7421220281907301;ambos
multi-stakeholder;1;3;0,45871559633027525;1,5345268542199488;4;1,276226556628801;0,2586018239451376;-1,7421220281907301;ambos
new;1;3;0,45871559633027525;1,5345268542199488;4;1,276226556628801;0,2586018239451376;-1,7421220281907301;ambos
operation;1;3;0,45871559633027525;1,5345268542199488;4;1,276226556628801;0,2586018239451376;-1,7421220281907301;ambos
place;1;3;0,45871559633027525;1,5345268542199488;4;1,276226556628801;0,2586018239451376;-1,7421220281907301;ambos
transformation;1;3;0,45871559633027525;1,5345268542199488;4;1,276226556628801;0,2586018239451376;-1,7421220281907301;ambos
transition;1;3;0,45871559633027525;1,5345268542199488;4;1,276226556628801;0,2586018239451376;-1,7421220281907301;ambos
understand;1;3;0,45871559633027525;1,5345268542199488;4;1,276226556628801;0,2586018239451376;-1,7421220281907301;ambos
open;7;3;3,211009174311927;1,5345268542199488;10;1,2395710925772825;0,2655537307525838;1,0652328938668738;ambos
artificial;5;2;2,293577981651376;1,023017902813299;7;1,0222388167062704;0,3119885435670609;1,1647685674177886;ambos
bias;5;2;2,293577981651376;1,023017902813299;7;1,0222388167062704;0,3119885435670609;1,1647685674177886;ambos
intelligence;5;2;2,293577981651376;1,023017902813299;7;1,0222388167062704;0,3119885435670609;1,1647685674177886;ambos
resource;5;2;2,293577981651376;1,023017902813299;7;1,0222388167062704;0,3119885435670609;1,1647685674177886;ambos
global;11;6;5,045871559633028;3,0690537084398977;17;0,9982954916918247;0,3177233007777084;0,7173095904465671;ambos
address;8;4;3,669724770642202;2,046035805626598;12;0,9590362680256095;0,32742980885394507;0,8428404725304262;ambos
output;2;4;0,9174311926605505;2,046035805626598;6;0,9152568674674793;0,33872345372840756;-1,1571595274695738;ambos
environmental;3;1;1,3761467889908259;0,5115089514066495;4;0,8404878231741262;0,35925729042587795;1,4278029732515825;ambos
initiative;3;1;1,3761467889908259;0,5115089514066495;4;0,8404878231741262;0,35925729042587795;1,4278029732515825;ambos
job;3;1;1,3761467889908259;0,5115089514066495;4;0,8404878231741262;0,35925729042587795;1,4278029732515825;ambos
management;3;1;1,3761467889908259;0,5115089514066495;4;0,8404878231741262;0,35925729042587795;1,4278029732515825;ambos
nations;3;1;1,3761467889908259;0,5115089514066495;4;0,8404878231741262;0,35925729042587795;1,4278029732515825;ambos
pose;3;1;1,3761467889908259;0,5115089514066495;4;0,8404878231741262;0,35925729042587795;1,4278029732515825;ambos
priority;3;1;1,3761467889908259;0,5115089514066495;4;0,8404878231741262;0,35925729042587795;1,4278029732515825;ambos
representative;3;1;1,3761467889908259;0,5115089514066495;4;0,8404878231741262;0,35925729042587795;1,4278029732515825;ambos
sector;3;1;1,3761467889908259;0,5115089514066495;4;0,8404878231741262;0,35925729042587795;1,4278029732515825;ambos
united;3;1;1,3761467889908259;0,5115089514066495;4;0,8404878231741262;0,35925729042587795;1,4278029732515825;ambos
sustainable;9;5;4,128440366972478;2,557544757033248;14;0,7647117676927926;0,38185799747585913;0,6908373790853758;ambos
privacy;3;5;1,3761467889908259;2,557544757033248;8;0,7469342499034846;0,38744860460671404;-0,8941251216357804;ambos
respect;3;5;1,3761467889908259;2,557544757033248;8;0,7469342499034846;0,38744860460671404;-0,8941251216357804;ambos
social;3;5;1,3761467889908259;2,557544757033248;8;0,7469342499034846;0,38744860460671404;-0,8941251216357804;ambos
standard;6;3;2,7522935779816518;1,5345268542199488;9;0,7192772010192061;0,3963811026928521;0,8428404725304259;ambos
trust;6;3;2,7522935779816518;1,5345268542199488;9;0,7192772010192061;0,3963811026928521;0,8428404725304259;ambos
mechanism;4;6;1,834862385321101;3,0690537084398977;10;0,6502318936720339;0,42002978372288946;-0,7421220281907301;ambos
human;5;7;2,293577981651376;3,5805626598465476;12;0,588346023486511;0,44305941480658384;-0,6425863546398158;ambos
approach;7;4;3,211009174311927;2,046035805626598;11;0,5344523779211627;0,46474097869203157;0,6501953945880302;ambos
public;7;4;3,211009174311927;2,046035805626598;11;0,5344523779211627;0,46474097869203157;0,6501953945880302;ambos
intellectual;4;2;1,834862385321101;1,023017902813299;6;0,47951813401280474;0,4886406632076984;0,8428404725304262;ambos
relevant;4;2;1,834862385321101;1,023017902813299;6;0,47951813401280474;0,4886406632076984;0,8428404725304262;ambos
skill;4;2;1,834862385321101;1,023017902813299;6;0,47951813401280474;0,4886406632076984;0,8428404725304262;ambos
adapt;1;2;0,45871559633027525;1,023017902813299;3;0,4576284337337396;0,49873441843506183;-1,1571595274695738;ambos
closely;1;2;0,45871559633027525;1,023017902813299;3;0,4576284337337396;0,49873441843506183;-1,1571595274695738;ambos
condition;1;2;0,45871559633027525;1,023017902813299;3;0,4576284337337396;0,49873441843506183;-1,1571595274695738;ambos
ecosystem;1;2;0,45871559633027525;1,023017902813299;3;0,4576284337337396;0,49873441843506183;-1,1571595274695738;ambos
empower;1;2;0,45871559633027525;1,023017902813299;3;0,4576284337337396;0,49873441843506183;-1,1571595274695738;ambos
exist;1;2;0,45871559633027525;1,023017902813299;3;0,4576284337337396;0,49873441843506183;-1,1571595274695738;ambos
general;1;2;0,45871559633027525;1,023017902813299;3;0,4576284337337396;0,49873441843506183;-1,1571595274695738;ambos
improve;1;2;0,45871559633027525;1,023017902813299;3;0,4576284337337396;0,49873441843506183;-1,1571595274695738;ambos
inequality;1;2;0,45871559633027525;1,023017902813299;3;0,4576284337337396;0,49873441843506183;-1,1571595274695738;ambos
input;1;2;0,45871559633027525;1,023017902813299;3;0,4576284337337396;0,49873441843506183;-1,1571595274695738;ambos
interdisciplinary;1;2;0,45871559633027525;1,023017902813299;3;0,4576284337337396;0,49873441843506183;-1,1571595274695738;ambos
involve;1;2;0,45871559633027525;1,023017902813299;3;0,4576284337337396;0,49873441843506183;-1,1571595274695738;ambos
long-term;1;2;0,45871559633027525;1,023017902813299;3;0,4576284337337396;0,49873441843506183;-1,1571595274695738;ambos
manner;1;2;0,45871559633027525;1,023017902813299;3;0,4576284337337396;0,49873441843506183;-1,1571595274695738;ambos
necessary;1;2;0,45871559633027525;1,023017902813299;3;0,4576284337337396;0,49873441843506183;-1,1571595274695738;ambos
operate;1;2;0,45871559633027525;1,023017902813299;3;0,4576284337337396;0,49873441843506183;-1,1571595274695738;ambos
private;1;2;0,45871559633027525;1,023017902813299;3;0,4576284337337396;0,49873441843506183;-1,1571595274695738;ambos
stage;1;2;0,45871559633027525;1,023017902813299;3;0,4576284337337396;0,49873441843506183;-1,1571595274695738;ambos
training;1;2;0,45871559633027525;1,023017902813299;3;0,4576284337337396;0,49873441843506183;-1,1571595274695738;ambos
right;12;8;5,5045871559633035;4,092071611253196;20;0,4289863204347193;0,5124867649621307;0,42780297325158234;ambos
promote;13;9;5,963302752293578;4,603580562659846;22;0,36082991251694807;0,5480456842587742;0,373355189229206;ambos
application;2;3;0,9174311926605505;1,5345268542199488;5;0,32511594683601697;0,5685492477325615;-0,7421220281907301;ambos
competition;2;3;0,9174311926605505;1,5345268542199488;5;0,32511594683601697;0,5685492477325615;-0,7421220281907301;ambos
deploy;2;3;0,9174311926605505;1,5345268542199488;5;0,32511594683601697;0,5685492477325615;-0,7421220281907301;ambos
enable;2;3;0,9174311926605505;1,5345268542199488;5;0,32511594683601697;0,5685492477325615;-0,7421220281907301;ambos
legal;2;3;0,9174311926605505;1,5345268542199488;5;0,32511594683601697;0,5685492477325615;-0,7421220281907301;ambos
people;2;3;0,9174311926605505;1,5345268542199488;5;0,32511594683601697;0,5685492477325615;-0,7421220281907301;ambos
relate;2;3;0,9174311926605505;1,5345268542199488;5;0,32511594683601697;0,5685492477325615;-0,7421220281907301;ambos
deployment;5;3;2,293577981651376;1,5345268542199488;8;0,3111955164488116;0,5769474936504297;0,579806066696632;ambos
data;14;10;6,422018348623854;5,115089514066496;24;0,3052145800636743;0,5806316650105254;0,32826729970066776;ambos
affect;3;4;1,3761467889908259;2,046035805626598;7;0,27303832454794286;0,6013008823081409;-0,5721970267484177;ambos
encourage;4;5;1,834862385321101;2,557544757033248;9;0,24696258502869162;0,6192219819449998;-0,47908762235693647;ambos
achieve;2;1;0,9174311926605505;0,5115089514066495;3;0,23975906700640237;0,6243801834248038;0,8428404725304262;ambos
agree;2;1;0,9174311926605505;0,5115089514066495;3;0,23975906700640237;0,6243801834248038;0,8428404725304262;ambos
contribute;2;1;0,9174311926605505;0,5115089514066495;3;0,23975906700640237;0,6243801834248038;0,8428404725304262;ambos
design;2;1;0,9174311926605505;0,5115089514066495;3;0,23975906700640237;0,6243801834248038;0,8428404725304262;ambos
evaluate;2;1;0,9174311926605505;0,5115089514066495;3;0,23975906700640237;0,6243801834248038;0,8428404725304262;ambos
far;2;1;0,9174311926605505;0,5115089514066495;3;0,23975906700640237;0,6243801834248038;0,8428404725304262;ambos
inclusion;2;1;0,9174311926605505;0,5115089514066495;3;0,23975906700640237;0,6243801834248038;0,8428404725304262;ambos
integrity;2;1;0,9174311926605505;0,5115089514066495;3;0,23975906700640237;0,6243801834248038;0,8428404725304262;ambos
level;2;1;0,9174311926605505;0,5115089514066495;3;0,23975906700640237;0,6243801834248038;0,8428404725304262;ambos
personal;2;1;0,9174311926605505;0,5115089514066495;3;0,23975906700640237;0,6243801834248038;0,8428404725304262;ambos
quality;2;1;0,9174311926605505;0,5115089514066495;3;0,23975906700640237;0,6243801834248038;0,8428404725304262;ambos
require;2;1;0,9174311926605505;0,5115089514066495;3;0,23975906700640237;0,6243801834248038;0,8428404725304262;ambos
robust;2;1;0,9174311926605505;0,5115089514066495;3;0,23975906700640237;0,6243801834248038;0,8428404725304262;ambos
secure;2;1;0,9174311926605505;0,5115089514066495;3;0,23975906700640237;0,6243801834248038;0,8428404725304262;ambos
share;2;1;0,9174311926605505;0,5115089514066495;3;0,23975906700640237;0,6243801834248038;0,8428404725304262;ambos
sustainability;2;1;0,9174311926605505;0,5115089514066495;3;0,23975906700640237;0,6243801834248038;0,8428404725304262;ambos
underline;2;1;0,9174311926605505;0,5115089514066495;3;0,23975906700640237;0,6243801834248038;0,8428404725304262;ambos
value;2;1;0,9174311926605505;0,5115089514066495;3;0,23975906700640237;0,6243801834248038;0,8428404725304262;ambos
research;5;6;2,293577981651376;3,0690537084398977;11;0,23258689071998795;0,6296122869415282;-0,42019393330336796;ambos
advance;3;2;1,3761467889908259;1,023017902813299;5;0,10724658010867982;0,7433009074996317;0,42780297325158234;ambos
content;3;2;1,3761467889908259;1,023017902813299;5;0,10724658010867982;0,7433009074996317;0,42780297325158234;ambos
ethical;3;2;1,3761467889908259;1,023017902813299;5;0,10724658010867982;0,7433009074996317;0,42780297325158234;ambos
opportunity;3;2;1,3761467889908259;1,023017902813299;5;0,10724658010867982;0,7433009074996317;0,42780297325158234;ambos
productivity;3;2;1,3761467889908259;1,023017902813299;5;0,10724658010867982;0,7433009074996317;0,42780297325158234;ambos
property;3;2;1,3761467889908259;1,023017902813299;5;0,10724658010867982;0,7433009074996317;0,42780297325158234;ambos
regulatory;3;2;1,3761467889908259;1,023017902813299;5;0,10724658010867982;0,7433009074996317;0,42780297325158234;ambos
safe;3;2;1,3761467889908259;1,023017902813299;5;0,10724658010867982;0,7433009074996317;0,42780297325158234;ambos
foster;9;7;4,128440366972478;3,5805626598465476;16;0,08022938783372169;0,7769867919522534;0,2054105519151342;ambos
risk;10;8;4,587155963302752;4,092071611253196;18;0,05818643660270728;0,809385657816713;0,16476856741778856;ambos
safety;4;3;1,834862385321101;1,5345268542199488;7;0,05516895782060638;0,8143013056308172;0,25787797180926986;ambos
economic;6;6;2,7522935779816518;3,0690537084398977;12;0,03558270711710221;0,8503798468266901;-0,15715952746957407;ambos
protection;6;6;2,7522935779816518;3,0690537084398977;12;0,03558270711710221;0,8503798468266901;-0,15715952746957407;ambos
role;5;5;2,293577981651376;2,557544757033248;10;0,029652255930918803;0,8632816311087246;-0,15715952746957407;ambos
process;5;4;2,293577981651376;2,046035805626598;9;0,02909321830135364;0,8645639785324697;0,16476856741778856;ambos
challenge;4;4;1,834862385321101;2,046035805626598;8;0,023721804744736674;0,8775948763858679;-0,15715952746957387;ambos
security;4;4;1,834862385321101;2,046035805626598;8;0,023721804744736674;0,8775948763858679;-0,15715952746957387;ambos
support;4;4;1,834862385321101;2,046035805626598;8;0,023721804744736674;0,8775948763858679;-0,15715952746957387;ambos
key;3;3;1,3761467889908259;1,5345268542199488;6;0,017791353558551104;0,8938895143889899;-0,15715952746957407;ambos
information;6;5;2,7522935779816518;2,557544757033248;11;0,014717523992651527;0,9034409036950245;0,10587487836421965;ambos
autonomy;2;2;0,9174311926605505;1,023017902813299;4;0,011860902372368337;0,913275643715711;-0,15715952746957387;ambos
capability;2;2;0,9174311926605505;1,023017902813299;4;0,011860902372368337;0,913275643715711;-0,15715952746957387;ambos
dataset;2;2;0,9174311926605505;1,023017902813299;4;0,011860902372368337;0,913275643715711;-0,15715952746957387;ambos
dialogue;2;2;0,9174311926605505;1,023017902813299;4;0,011860902372368337;0,913275643715711;-0,15715952746957387;ambos
different;2;2;0,9174311926605505;1,023017902813299;4;0,011860902372368337;0,913275643715711;-0,15715952746957387;ambos
future;2;2;0,9174311926605505;1,023017902813299;4;0,011860902372368337;0,913275643715711;-0,15715952746957387;ambos
law;2;2;0,9174311926605505;1,023017902813299;4;0,011860902372368337;0,913275643715711;-0,15715952746957387;ambos
potential;2;2;0,9174311926605505;1,023017902813299;4;0,011860902372368337;0,913275643715711;-0,15715952746957387;ambos
protect;2;2;0,9174311926605505;1,023017902813299;4;0,011860902372368337;0,913275643715711;-0,15715952746957387;ambos
technical;2;2;0,9174311926605505;1,023017902813299;4;0,011860902372368337;0,913275643715711;-0,15715952746957387;ambos
worker;2;2;0,9174311926605505;1,023017902813299;4;0,011860902372368337;0,913275643715711;-0,15715952746957387;ambos
ability;1;1;0,45871559633027525;0,5115089514066495;2;0,0059304511861841686;0,9386160489915014;-0,15715952746957387;ambos
accountable;1;1;0,45871559633027525;0,5115089514066495;2;0,0059304511861841686;0,9386160489915014;-0,15715952746957387;ambos
act;1;1;0,45871559633027525;0,5115089514066495;2;0,0059304511861841686;0,9386160489915014;-0,15715952746957387;ambos
agency;1;1;0,45871559633027525;0,5115089514066495;2;0,0059304511861841686;0,9386160489915014;-0,15715952746957387;ambos
algorithm;1;1;0,45871559633027525;0,5115089514066495;2;0,0059304511861841686;0,9386160489915014;-0,15715952746957387;ambos
assessment;1;1;0,45871559633027525;0,5115089514066495;2;0,0059304511861841686;0,9386160489915014;-0,15715952746957387;ambos
augment;1;1;0,45871559633027525;0,5115089514066495;2;0,0059304511861841686;0,9386160489915014;-0,15715952746957387;ambos
available;1;1;0,45871559633027525;0,5115089514066495;2;0,0059304511861841686;0,9386160489915014;-0,15715952746957387;ambos
complementary;1;1;0,45871559633027525;0,5115089514066495;2;0,0059304511861841686;0,9386160489915014;-0,15715952746957387;ambos
connectivity;1;1;0,45871559633027525;0,5115089514066495;2;0,0059304511861841686;0,9386160489915014;-0,15715952746957387;ambos
continue;1;1;0,45871559633027525;0,5115089514066495;2;0,0059304511861841686;0,9386160489915014;-0,15715952746957387;ambos
debate;1;1;0,45871559633027525;0,5115089514066495;2;0,0059304511861841686;0,9386160489915014;-0,15715952746957387;ambos
dignity;1;1;0,45871559633027525;0,5115089514066495;2;0,0059304511861841686;0,9386160489915014;-0,15715952746957387;ambos
directly;1;1;0,45871559633027525;0,5115089514066495;2;0,0059304511861841686;0,9386160489915014;-0,15715952746957387;ambos
disinformation;1;1;0,45871559633027525;0,5115089514066495;2;0,0059304511861841686;0,9386160489915014;-0,15715952746957387;ambos
displacement;1;1;0,45871559633027525;0,5115089514066495;2;0,0059304511861841686;0,9386160489915014;-0,15715952746957387;ambos
dissemination;1;1;0,45871559633027525;0,5115089514066495;2;0,0059304511861841686;0,9386160489915014;-0,15715952746957387;ambos
diversity;1;1;0,45871559633027525;0,5115089514066495;2;0,0059304511861841686;0,9386160489915014;-0,15715952746957387;ambos
dynamic;1;1;0,45871559633027525;0,5115089514066495;2;0,0059304511861841686;0,9386160489915014;-0,15715952746957387;ambos
effectively;1;1;0,45871559633027525;0,5115089514066495;2;0,0059304511861841686;0,9386160489915014;-0,15715952746957387;ambos
enabler;1;1;0,45871559633027525;0,5115089514066495;2;0,0059304511861841686;0,9386160489915014;-0,15715952746957387;ambos
exchange;1;1;0,45871559633027525;0,5115089514066495;2;0,0059304511861841686;0,9386160489915014;-0,15715952746957387;ambos
experience;1;1;0,45871559633027525;0,5115089514066495;2;0,0059304511861841686;0,9386160489915014;-0,15715952746957387;ambos
expertise;1;1;0,45871559633027525;0,5115089514066495;2;0,0059304511861841686;0,9386160489915014;-0,15715952746957387;ambos
fairness;1;1;0,45871559633027525;0,5115089514066495;2;0,0059304511861841686;0,9386160489915014;-0,15715952746957387;ambos
focus;1;1;0,45871559633027525;0,5115089514066495;2;0,0059304511861841686;0,9386160489915014;-0,15715952746957387;ambos
increase;1;1;0,45871559633027525;0,5115089514066495;2;0,0059304511861841686;0,9386160489915014;-0,15715952746957387;ambos
interoperability;1;1;0,45871559633027525;0,5115089514066495;2;0,0059304511861841686;0,9386160489915014;-0,15715952746957387;ambos
jurisdiction;1;1;0,45871559633027525;0,5115089514066495;2;0,0059304511861841686;0,9386160489915014;-0,15715952746957387;ambos
life;1;1;0,45871559633027525;0,5115089514066495;2;0,0059304511861841686;0,9386160489915014;-0,15715952746957387;ambos
measure;1;1;0,45871559633027525;0,5115089514066495;2;0,0059304511861841686;0,9386160489915014;-0,15715952746957387;ambos
misinformation;1;1;0,45871559633027525;0,5115089514066495;2;0,0059304511861841686;0,9386160489915014;-0,15715952746957387;ambos
offer;1;1;0,45871559633027525;0,5115089514066495;2;0,0059304511861841686;0,9386160489915014;-0,15715952746957387;ambos
open-source;1;1;0,45871559633027525;0,5115089514066495;2;0,0059304511861841686;0,9386160489915014;-0,15715952746957387;ambos
oversight;1;1;0,45871559633027525;0,5115089514066495;2;0,0059304511861841686;0,9386160489915014;-0,15715952746957387;ambos
planet;1;1;0,45871559633027525;0,5115089514066495;2;0,0059304511861841686;0,9386160489915014;-0,15715952746957387;ambos
play;1;1;0,45871559633027525;0,5115089514066495;2;0,0059304511861841686;0,9386160489915014;-0,15715952746957387;ambos
practical;1;1;0,45871559633027525;0,5115089514066495;2;0,0059304511861841686;0,9386160489915014;-0,15715952746957387;ambos
practice;1;1;0,45871559633027525;0,5115089514066495;2;0,0059304511861841686;0,9386160489915014;-0,15715952746957387;ambos
raise;1;1;0,45871559633027525;0,5115089514066495;2;0,0059304511861841686;0,9386160489915014;-0,15715952746957387;ambos
rapid;1;1;0,45871559633027525;0,5115089514066495;2;0,0059304511861841686;0,9386160489915014;-0,15715952746957387;ambos
refer;1;1;0,45871559633027525;0,5115089514066495;2;0,0059304511861841686;0,9386160489915014;-0,15715952746957387;ambos
regional;1;1;0,45871559633027525;0,5115089514066495;2;0,0059304511861841686;0,9386160489915014;-0,15715952746957387;ambos
respective;1;1;0,45871559633027525;0,5115089514066495;2;0,0059304511861841686;0,9386160489915014;-0,15715952746957387;ambos
science;1;1;0,45871559633027525;0,5115089514066495;2;0,0059304511861841686;0,9386160489915014;-0,15715952746957387;ambos
service;1;1;0,45871559633027525;0,5115089514066495;2;0,0059304511861841686;0,9386160489915014;-0,15715952746957387;ambos
set;1;1;0,45871559633027525;0,5115089514066495;2;0,0059304511861841686;0,9386160489915014;-0,15715952746957387;ambos
small;1;1;0,45871559633027525;0,5115089514066495;2;0,0059304511861841686;0,9386160489915014;-0,15715952746957387;ambos
source;1;1;0,45871559633027525;0,5115089514066495;2;0,0059304511861841686;0,9386160489915014;-0,15715952746957387;ambos
spur;1;1;0,45871559633027525;0,5115089514066495;2;0,0059304511861841686;0,9386160489915014;-0,15715952746957387;ambos
term;1;1;0,45871559633027525;0,5115089514066495;2;0,0059304511861841686;0,9386160489915014;-0,15715952746957387;ambos
transform;1;1;0,45871559633027525;0,5115089514066495;2;0,0059304511861841686;0,9386160489915014;-0,15715952746957387;ambos
understanding;1;1;0,45871559633027525;0,5115089514066495;2;0,0059304511861841686;0,9386160489915014;-0,15715952746957387;ambos
user;1;1;0,45871559633027525;0,5115089514066495;2;0,0059304511861841686;0,9386160489915014;-0,15715952746957387;ambos
working;1;1;0,45871559633027525;0,5115089514066495;2;0,0059304511861841686;0,9386160489915014;-0,15715952746957387;ambos
use;9;8;4,128440366972478;4,092071611253196;17;0,0003316517750128062;0,985470280866382;0,012765473972738457;ambos
