lema;freq_BRICS;freq_OCDE;por_1000_BRICS;por_1000_OCDE;freq_combinada;G2;p_valor;log_ratio;presenca;distintivo;distintivo_bonferroni
country;18;1;8,256880733944955;0,5115089514066495;19;16,708744606301494;4,357965976787976e-05;4,012765473972738;ambos;True;True
lifecycle;0;8;0,0;4,092071611253196;8;11,985554160613209;0,000536145460268129;-4,157159527469574;só OCDE;True;False
system;10;29;4,587155963302752;14,83375959079284;39;11,847934466700007;0,0005772533855246044;-1,6932124277097838;ambos;True;False
actor;1;11;0,45871559633027525;5,626598465473146;12;10,876398280844622;0,0009739746803663954;-3,6165911461068716;ambos;True;False
recommendation;1;11;0,45871559633027525;5,626598465473146;12;10,876398280844622;0,0009739746803663954;-3,6165911461068716;ambos;True;False
trustworthy;1;11;0,45871559633027525;5,626598465473146;12;10,876398280844622;0,0009739746803663954;-3,6165911461068716;ambos;True;False
principle;0;7;0,0;3,5805626598465476;7;10,487359890536558;0,001201939978209239;-3,964514449527178;só OCDE;True;False
regard;0;7;0,0;3,5805626598465476;7;10,487359890536558;0,001201939978209239;-3,964514449527178;só OCDE;True;False
government;2;13;0,9174311926605505;6,649616368286445;15;10,25694130086853;0,0013617126330216496;-2,857599245610666;ambos;True;False
appropriate;1;10;0,45871559633027525;5,115089514066496;11;9,560273462432585;0,0019883348611219515;-3,4790876223569365;ambos;True;False
stakeholder;2;12;0,9174311926605505;6,138107416879795;14;9,055724135542992;0,0026187366818815096;-2,7421220281907304;ambos;True;False
context;0;6;0,0;3,0690537084398977;6;8,989165620459907;0,002715849773757694;-3,7421220281907304;só OCDE;True;False
follow;0;6;0,0;3,0690537084398977;6;8,989165620459907;0,002715849773757694;-3,7421220281907304;só OCDE;True;False
recognise;0;6;0,0;3,0690537084398977;6;8,989165620459907;0,002715849773757694;-3,7421220281907304;só OCDE;True;False
equitable;7;0;3,211009174311927;0,0;7;8,962274323445198;0,0027561157712954615;3,6501953945880303;só BRICS;True;False
technology;14;2;6,422018348623854;1,023017902813299;16;8,864292026837722;0,0029080301197089496;2,6501953945880303;ambos;True;False
inclusive;13;2;5,963302752293578;1,023017902813299;15;7,860378266867817;0,005052982008883993;2,5432801906715183;ambos;True;False
avoid;6;0;2,7522935779816518;0,0;6;7,681949420095883;0,005577588367064564;3,4278029732515822;só BRICS;True;False
technological;6;0;2,7522935779816518;0,0;6;7,681949420095883;0,005577588367064564;3,4278029732515822;só BRICS;True;False
consistent;0;5;0,0;2,557544757033248;5;7,490971350383254;0,006200909867676443;-3,4790876223569365;só OCDE;True;False
implementation;0;5;0,0;2,557544757033248;5;7,490971350383254;0,006200909867676443;-3,4790876223569365;só OCDE;True;False
policy;3;12;1,3761467889908259;6,138107416879795;15;6,807233244822119;0,009078933046644947;-2,157159527469574;ambos;True;False
governance;16;4;7,339449541284404;2,046035805626598;20;6,461878592368115;0,011021306593485254;1,8428404725304262;ambos;False;False
develop;18;5;8,256880733944955;2,557544757033248;23;6,451848086532956;0,011083699134467585;1,690837379085376;ambos;False;False
critical;5;0;2,293577981651376;0,0;5;6,401624516746571;0,011401598849465183;3,164768567417789;só BRICS;False;False
establish;5;0;2,293577981651376;0,0;5;6,401624516746571;0,011401598849465183;3,164768567417789;só BRICS;False;False
guideline;5;0;2,293577981651376;0,0;5;6,401624516746571;0,011401598849465183;3,164768567417789;só BRICS;False;False
local;5;0;2,293577981651376;0,0;5;6,401624516746571;0,011401598849465183;3,164768567417789;só BRICS;False;False
mitigate;5;0;2,293577981651376;0,0;5;6,401624516746571;0,011401598849465183;3,164768567417789;só BRICS;False;False
economy;8;1;3,669724770642202;0,5115089514066495;9;5,461815771696591;0,019436439030884572;2,842840472530426;ambos;False;False
digital;18;6;8,256880733944955;3,0690537084398977;24;5,042926939044758;0,024726677560112802;1,427802973251582;ambos;False;False
innovation;12;3;5,5045871559633035;1,5345268542199488;15;4,846408944276084;0,02770375150502939;1,842840472530426;ambos;False;False
work;3;10;1,3761467889908259;5,115089514066496;13;4,7776097087040705;0,028832114894778844;-1,8941251216357804;ambos;False;False
include;10;20;4,587155963302752;10,230179028132993;30;4,576284337337395;0,032417436473944745;-1,157159527469574;ambos;False;False
consider;1;6;0,45871559633027525;3,0690537084398977;7;4,527862067771496;0,03334725298751628;-2,7421220281907304;ambos;False;False
benefit;7;1;3,211009174311927;0,5115089514066495;8;4,432146013418861;0,035268137596854696;2,6501953945880303;ambos;False;False
responsible;3;9;1,3761467889908259;4,603580562659846;12;3,8286796698864007;0,05038260621949267;-1,7421220281907301;ambos;False;False
effort;6;1;2,7522935779816518;0,5115089514066495;7;3,4385152341348073;0,06369290777589935;2,4278029732515822;ambos;False;False
growth;6;1;2,7522935779816518;0,5115089514066495;7;3,4385152341348073;0,06369290777589935;2,4278029732515822;ambos;False;False
safeguard;6;1;2,7522935779816518;0,5115089514066495;7;3,4385152341348073;0,06369290777589935;2,4278029732515822;ambos;False;False
development;26;13;11,926605504587156;6,649616368286445;39;3,1168678710832314;0,07748559020214957;0,8428404725304259;ambos;False;False
international;15;6;6,8807339449541285;3,0690537084398977;21;3,066716450118811;0,07991072752269389;1,1647685674177883;ambos;False;False
provide;2;6;0,9174311926605505;3,0690537084398977;8;2,552453113257602;0,1101231507549198;-1,7421220281907301;ambos;False;False
need;9;3;4,128440366972478;1,5345268542199488;12;2,521463469522379;0,11230631438147136;1,427802973251582;ambos;False;False
build;5;1;2,293577981651376;0,5115089514066495;6;2,493084280427563;0,11434744051922723;2,164768567417789;ambos;False;False
capacity;5;1;2,293577981651376;0,5115089514066495;6;2,493084280427563;0,11434744051922723;2,164768567417789;ambos;False;False
transparency;5;1;2,293577981651376;0,5115089514066495;6;2,493084280427563;0,11434744051922723;2,164768567417789;ambos;False;False
ai;66;77;30,275229357798167;39,38618925831202;143;2,4692990755788635;0,11608968359175233;-0,379551948806022;ambos;False;False
society;1;4;0,45871559633027525;2,046035805626598;5;2,2690777482740394;0,13197841982495295;-2,157159527469574;ambos;False;False
environment;3;7;1,3761467889908259;3,5805626598465476;10;2,111048559486629;0,14623908396247742;-1,379551948806022;ambos;False;False
framework;10;4;4,587155963302752;2,046035805626598;14;2,0444776334125407;0,15275941142197338;1,1647685674177886;ambos;False;False
ensure;11;5;5,045871559633028;2,557544757033248;16;1,6997813014578664;0,19231658059303047;0,9803439962803607;ambos;False;False
access;6;2;2,7522935779816518;1,023017902813299;8;1,6809756463482524;0,19479486250347372;1,4278029732515825;ambos;False;False
enhance;6;2;2,7522935779816518;1,023017902813299;8;1,6809756463482524;0,19479486250347372;1,4278029732515825;ambos;False;False
fair;6;2;2,7522935779816518;1,023017902813299;8;1,6809756463482524;0,19479486250347372;1,4278029732515825;ambos;False;False
market;6;2;2,7522935779816518;1,023017902813299;8;1,6809756463482524;0,19479486250347372;1,4278029732515825;ambos;False;False
national;6;2;2,7522935779816518;1,023017902813299;8;1,6809756463482524;0,19479486250347372;1,4278029732515825;ambos;False;False
knowledge;2;5;0,9174311926605505;2,557544757033248;7;1,675846916888283;0,19547721481958796;-1,4790876223569365;ambos;False;False
applicable;4;1;1,834862385321101;0,5115089514066495;5;1,6154696480920288;0,2037246393447465;1,8428404725304262;ambos;False;False
infrastructure;4;1;1,834862385321101;0,5115089514066495;5;1,6154696480920288;0,2037246393447465;1,8428404725304262;ambos;False;False
lead;4;1;1,834862385321101;0,5115089514066495;5;1,6154696480920288;0,2037246393447465;1,8428404725304262;ambos;False;False
meaningful;4;1;1,834862385321101;0,5115089514066495;5;1,6154696480920288;0,2037246393447465;1,8428404725304262;ambos;False;False
model;4;1;1,834862385321101;0,5115089514066495;5;1,6154696480920288;0,2037246393447465;1,8428404725304262;ambos;False;False
tool;4;1;1,834862385321101;0,5115089514066495;5;1,6154696480920288;0,2037246393447465;1,8428404725304262;ambos;False;False
open;7;3;3,211009174311927;1,5345268542199488;10;1,2395710925772825;0,2655537307525838;1,0652328938668738;ambos;False;False
artificial;5;2;2,293577981651376;1,023017902813299;7;1,0222388167062704;0,3119885435670609;1,1647685674177886;ambos;False;False
bias;5;2;2,293577981651376;1,023017902813299;7;1,0222388167062704;0,3119885435670609;1,1647685674177886;ambos;False;False
intelligence;5;2;2,293577981651376;1,023017902813299;7;1,0222388167062704;0,3119885435670609;1,1647685674177886;ambos;False;False
resource;5;2;2,293577981651376;1,023017902813299;7;1,0222388167062704;0,3119885435670609;1,1647685674177886;ambos;False;False
global;11;6;5,045871559633028;3,0690537084398977;17;0,9982954916918247;0,3177233007777084;0,7173095904465671;ambos;False;False
address;8;4;3,669724770642202;2,046035805626598;12;0,9590362680256095;0,32742980885394507;0,8428404725304262;ambos;False;False
output;2;4;0,9174311926605505;2,046035805626598;6;0,9152568674674793;0,33872345372840756;-1,1571595274695738;ambos;False;False
sustainable;9;5;4,128440366972478;2,557544757033248;14;0,7647117676927926;0,38185799747585913;0,6908373790853758;ambos;False;False
privacy;3;5;1,3761467889908259;2,557544757033248;8;0,7469342499034846;0,38744860460671404;-0,8941251216357804;ambos;False;False
respect;3;5;1,3761467889908259;2,557544757033248;8;0,7469342499034846;0,38744860460671404;-0,8941251216357804;ambos;False;False
social;3;5;1,3761467889908259;2,557544757033248;8;0,7469342499034846;0,38744860460671404;-0,8941251216357804;ambos;False;False
standard;6;3;2,7522935779816518;1,5345268542199488;9;0,7192772010192061;0,3963811026928521;0,8428404725304259;ambos;False;False
trust;6;3;2,7522935779816518;1,5345268542199488;9;0,7192772010192061;0,3963811026928521;0,8428404725304259;ambos;False;False
mechanism;4;6;1,834862385321101;3,0690537084398977;10;0,6502318936720339;0,42002978372288946;-0,7421220281907301;ambos;False;False
human;5;7;2,293577981651376;3,5805626598465476;12;0,588346023486511;0,44305941480658384;-0,6425863546398158;ambos;False;False
approach;7;4;3,211009174311927;2,046035805626598;11;0,5344523779211627;0,46474097869203157;0,6501953945880302;ambos;False;False
public;7;4;3,211009174311927;2,046035805626598;11;0,5344523779211627;0,46474097869203157;0,6501953945880302;ambos;False;False
intellectual;4;2;1,834862385321101;1,023017902813299;6;0,47951813401280474;0,4886406632076984;0,8428404725304262;ambos;False;False
relevant;4;2;1,834862385321101;1,023017902813299;6;0,47951813401280474;0,4886406632076984;0,8428404725304262;ambos;False;False
skill;4;2;1,834862385321101;1,023017902813299;6;0,47951813401280474;0,4886406632076984;0,8428404725304262;ambos;False;False
right;12;8;5,5045871559633035;4,092071611253196;20;0,4289863204347193;0,5124867649621307;0,42780297325158234;ambos;False;False
promote;13;9;5,963302752293578;4,603580562659846;22;0,36082991251694807;0,5480456842587742;0,373355189229206;ambos;False;False
application;2;3;0,9174311926605505;1,5345268542199488;5;0,32511594683601697;0,5685492477325615;-0,7421220281907301;ambos;False;False
competition;2;3;0,9174311926605505;1,5345268542199488;5;0,32511594683601697;0,5685492477325615;-0,7421220281907301;ambos;False;False
deploy;2;3;0,9174311926605505;1,5345268542199488;5;0,32511594683601697;0,5685492477325615;-0,7421220281907301;ambos;False;False
enable;2;3;0,9174311926605505;1,5345268542199488;5;0,32511594683601697;0,5685492477325615;-0,7421220281907301;ambos;False;False
legal;2;3;0,9174311926605505;1,5345268542199488;5;0,32511594683601697;0,5685492477325615;-0,7421220281907301;ambos;False;False
people;2;3;0,9174311926605505;1,5345268542199488;5;0,32511594683601697;0,5685492477325615;-0,7421220281907301;ambos;False;False
relate;2;3;0,9174311926605505;1,5345268542199488;5;0,32511594683601697;0,5685492477325615;-0,7421220281907301;ambos;False;False
deployment;5;3;2,293577981651376;1,5345268542199488;8;0,3111955164488116;0,5769474936504297;0,579806066696632;ambos;False;False
data;14;10;6,422018348623854;5,115089514066496;24;0,3052145800636743;0,5806316650105254;0,32826729970066776;ambos;False;False
affect;3;4;1,3761467889908259;2,046035805626598;7;0,27303832454794286;0,6013008823081409;-0,5721970267484177;ambos;False;False
encourage;4;5;1,834862385321101;2,557544757033248;9;0,24696258502869162;0,6192219819449998;-0,47908762235693647;ambos;False;False
research;5;6;2,293577981651376;3,0690537084398977;11;0,23258689071998795;0,6296122869415282;-0,42019393330336796;ambos;False;False
advance;3;2;1,3761467889908259;1,023017902813299;5;0,10724658010867982;0,7433009074996317;0,42780297325158234;ambos;False;False
content;3;2;1,3761467889908259;1,023017902813299;5;0,10724658010867982;0,7433009074996317;0,42780297325158234;ambos;False;False
ethical;3;2;1,3761467889908259;1,023017902813299;5;0,10724658010867982;0,7433009074996317;0,42780297325158234;ambos;False;False
opportunity;3;2;1,3761467889908259;1,023017902813299;5;0,10724658010867982;0,7433009074996317;0,42780297325158234;ambos;False;False
productivity;3;2;1,3761467889908259;1,023017902813299;5;0,10724658010867982;0,7433009074996317;0,42780297325158234;ambos;False;False
property;3;2;1,3761467889908259;1,023017902813299;5;0,10724658010867982;0,7433009074996317;0,42780297325158234;ambos;False;False
regulatory;3;2;1,3761467889908259;1,023017902813299;5;0,10724658010867982;0,7433009074996317;0,42780297325158234;ambos;False;False
safe;3;2;1,3761467889908259;1,023017902813299;5;0,10724658010867982;0,7433009074996317;0,42780297325158234;ambos;False;False
foster;9;7;4,128440366972478;3,5805626598465476;16;0,08022938783372169;0,7769867919522534;0,2054105519151342;ambos;False;False
risk;10;8;4,587155963302752;4,092071611253196;18;0,05818643660270728;0,809385657816713;0,16476856741778856;ambos;False;False
safety;4;3;1,834862385321101;1,5345268542199488;7;0,05516895782060638;0,8143013056308172;0,25787797180926986;ambos;False;False
economic;6;6;2,7522935779816518;3,0690537084398977;12;0,03558270711710221;0,8503798468266901;-0,15715952746957407;ambos;False;False
protection;6;6;2,7522935779816518;3,0690537084398977;12;0,03558270711710221;0,8503798468266901;-0,15715952746957407;ambos;False;False
role;5;5;2,293577981651376;2,557544757033248;10;0,029652255930918803;0,8632816311087246;-0,15715952746957407;ambos;False;False
process;5;4;2,293577981651376;2,046035805626598;9;0,02909321830135364;0,8645639785324697;0,16476856741778856;ambos;False;False
challenge;4;4;1,834862385321101;2,046035805626598;8;0,023721804744736674;0,8775948763858679;-0,15715952746957387;ambos;False;False
security;4;4;1,834862385321101;2,046035805626598;8;0,023721804744736674;0,8775948763858679;-0,15715952746957387;ambos;False;False
support;4;4;1,834862385321101;2,046035805626598;8;0,023721804744736674;0,8775948763858679;-0,15715952746957387;ambos;False;False
key;3;3;1,3761467889908259;1,5345268542199488;6;0,017791353558551104;0,8938895143889899;-0,15715952746957407;ambos;False;False
information;6;5;2,7522935779816518;2,557544757033248;11;0,014717523992651527;0,9034409036950245;0,10587487836421965;ambos;False;False
use;9;8;4,128440366972478;4,092071611253196;17;0,0003316517750128062;0,985470280866382;0,012765473972738457;ambos;False;False
